cutoff,train,test,accuracy,mae,brier,home_field,season,half_life,ridge_mult
0.4,2290,573,0.7556719022687609,9.015536834751066,0.1628237466404094,4.004519120834324,2009,,0.5
0.5,2863,572,0.7202797202797203,9.122327416920216,0.18393155833439828,3.8472203882780702,2009,,0.5
0.6,3435,573,0.699825479930192,8.5463996843071,0.19338322227793633,3.7269374212747537,2009,,0.5
0.7,4008,572,0.7202797202797203,8.484963348087586,0.1896647657389975,3.5396868209319012,2009,,0.5
0.8,4580,573,0.7015706806282722,8.744664353224291,0.18919666833003712,3.5458671022538693,2009,,0.5
0.4,2304,576,0.7430555555555556,8.617890457667512,0.1693252074975215,4.192974047478909,2010,,0.5
0.5,2880,576,0.7274305555555556,8.416111471002084,0.17734998162161167,3.982572573001043,2010,,0.5
0.6,3456,576,0.7326388888888888,8.17948579089759,0.18250752359842282,3.906188025456534,2010,,0.5
0.7,4032,576,0.7482638888888888,8.480861786002006,0.1744659587523093,3.8223286684611884,2010,,0.5
0.8,4608,576,0.7395833333333334,8.094887113565944,0.17503026721614534,3.7220801039496427,2010,,0.5
0.4,2308,577,0.7694974003466204,8.668581037585685,0.1521595076040928,3.7277960892749356,2011,,0.5
0.5,2885,577,0.7175043327556326,8.888212641474029,0.19426803140256133,3.725007942014476,2011,,0.5
0.6,3462,576,0.6979166666666666,8.355798521583509,0.20060489465900705,3.823552574848866,2011,,0.5
0.7,4038,578,0.7335640138408305,8.505215743741322,0.17105303592306612,3.756210769131022,2011,,0.5
0.8,4616,577,0.7157712305025996,8.278772148489763,0.1920002343323717,3.6066655044903735,2011,,0.5
0.4,2265,566,0.7508833922261484,9.000196426574233,0.16349680516495485,3.8153188992924814,2012,,0.5
0.5,2831,566,0.6978798586572438,8.555456475346523,0.19000419913801012,3.7854031491453477,2012,,0.5
0.6,3397,567,0.7601410934744268,8.079081472219205,0.16545280213564506,3.613882120174259,2012,,0.5
0.7,3964,566,0.7455830388692579,8.43290252320994,0.17459739620354495,3.59849882733767,2012,,0.5
0.8,4530,566,0.7279151943462897,8.173058380742694,0.1811058787049873,3.554432664033522,2012,,0.5
0.4,2306,576,0.7100694444444444,9.273569264604161,0.18025921498157993,3.7886259662977273,2013,,0.5
0.5,2882,577,0.7105719237435009,8.95593345556477,0.18852912567557614,3.4185979346559843,2013,,0.5
0.6,3459,576,0.7274305555555556,8.1540125685852,0.173075746835663,3.39266191834842,2013,,0.5
0.7,4035,577,0.7036395147313691,8.73205571927433,0.18742986908516143,3.4430164699106385,2013,,0.5
0.8,4612,576,0.7170138888888888,8.426340284969903,0.1800787699275096,3.5699832578382087,2013,,0.5
0.4,2379,595,0.6974789915966386,9.567220496775034,0.1889378648230268,3.3214791784812596,2014,,0.5
0.5,2974,594,0.6885521885521886,8.612457784929969,0.19191442501700118,3.072149470486844,2014,,0.5
0.6,3568,595,0.7058823529411765,8.34462483151392,0.18580286183227848,3.013418495362527,2014,,0.5
0.7,4163,595,0.7445378151260504,8.23190191021097,0.1791012066050118,3.08427137425805,2014,,0.5
0.8,4758,595,0.7378151260504202,8.431443993608774,0.18127460221441072,3.0172648988415847,2014,,0.5
0.4,2372,594,0.7289562289562289,8.609973059363206,0.17837823419970406,3.43134299862036,2015,,0.5
0.5,2966,593,0.7032040472175379,8.569506790396954,0.18927401331258034,3.3324568226165336,2015,,0.5
0.6,3559,593,0.7082630691399663,8.460299833879697,0.18659642554819855,3.1244351529665075,2015,,0.5
0.7,4152,593,0.7065767284991569,8.602606224434423,0.19359645983014126,3.288335146824902,2015,,0.5
0.8,4745,593,0.718381112984823,8.38686726573275,0.18061891486307263,3.1992435538030097,2015,,0.5
0.4,2380,595,0.7495798319327731,8.791007209088043,0.1702194084244182,3.8502517636247346,2016,,0.5
0.5,2975,595,0.692436974789916,9.004019580415003,0.20641819755699214,3.5954077154901842,2016,,0.5
0.6,3570,595,0.7008403361344537,8.42813942963097,0.19187127820054894,3.208028562329545,2016,,0.5
0.7,4165,595,0.692436974789916,8.878166341982373,0.19528543872451076,3.267742428197616,2016,,0.5
0.8,4760,595,0.7025210084033613,8.397235970642933,0.18111515696700753,3.3693533318451467,2016,,0.5
0.4,2385,597,0.7386934673366834,8.845503747934893,0.17625014343289655,3.576755726143846,2017,,0.5
0.5,2982,596,0.6963087248322147,8.824355905712535,0.20049992992276117,3.3633216740057317,2017,,0.5
0.6,3578,596,0.7046979865771812,8.941370464950019,0.19105663365083556,3.1428378925924276,2017,,0.5
0.7,4174,597,0.7219430485762144,8.563156323718074,0.18562357465663695,3.008422867568926,2017,,0.5
0.8,4771,596,0.7063758389261745,8.353737704040858,0.18662709463039046,2.9850668377141383,2017,,0.5
0.4,2387,597,0.7252931323283082,9.438191774137032,0.18019667446067023,3.699755798636555,2018,,0.5
0.5,2984,596,0.714765100671141,9.117272801376965,0.19269170152457227,3.7306928647802904,2018,,0.5
0.6,3580,597,0.7135678391959799,8.678727813222656,0.19015465789354438,3.590532691130201,2018,,0.5
0.7,4177,597,0.7152428810720268,9.38614425034232,0.19283106320946491,3.4543795143340805,2018,,0.5
0.8,4774,597,0.711892797319933,8.663522580748046,0.18910577934311648,3.420639136192574,2018,,0.5
0.4,2419,605,0.7256198347107438,9.461036011156109,0.18216262826903462,3.351271777164005,2019,,0.5
0.5,3024,605,0.6975206611570248,8.523889969333977,0.18932311892984843,3.100697334953421,2019,,0.5
0.6,3629,605,0.6958677685950413,9.098517075936151,0.19157065060451584,3.100343310286134,2019,,0.5
0.7,4234,605,0.6859504132231405,8.86932236395906,0.1924167766574983,3.131909329526115,2019,,0.5
0.8,4839,605,0.7206611570247934,9.016789107074375,0.18965126083466327,3.118115909741715,2019,,0.5
0.4,2306,577,0.7469670710571924,10.414080729048656,0.17959621193214245,3.6200620230677965,2020,,0.5
0.5,2883,577,0.707105719237435,9.406135660071945,0.19292541097599564,3.3800399569811397,2020,,0.5
0.6,3460,576,0.7048611111111112,8.567508952559146,0.19673587168022255,3.308255615356687,2020,,0.5
0.7,4036,577,0.7244367417677643,8.644018247737385,0.18072162795292934,3.182027301586312,2020,,0.5
0.8,4613,577,0.7019064124783362,8.503450593828639,0.1900927465633476,3.2363521810673106,2020,,0.5
0.4,2290,573,0.7556719022687609,9.028055628856736,0.16267715969452504,4.2781361438595535,2009,,0.75
0.5,2863,572,0.7202797202797203,9.15613748989512,0.18501215882555766,4.059298865928509,2009,,0.75
0.6,3435,573,0.7015706806282722,8.553076042385594,0.19395768686876674,3.889410805654491,2009,,0.75
0.7,4008,572,0.7185314685314685,8.491573887638657,0.18980366532449094,3.673739413669455,2009,,0.75
0.8,4580,573,0.6980802792321117,8.735514765786302,0.18910936979361434,3.6601110896581073,2009,,0.75
0.4,2304,576,0.7326388888888888,8.565901341163148,0.16951846666790893,4.403202044670399,2010,,0.75
0.5,2880,576,0.7204861111111112,8.412001411380045,0.17776770619413268,4.131991166052272,2010,,0.75
0.6,3456,576,0.7378472222222222,8.175149676983818,0.1820212807237607,4.013734576018366,2010,,0.75
0.7,4032,576,0.7430555555555556,8.467681081832598,0.1748458719990733,3.909205537696039,2010,,0.75
0.8,4608,576,0.7413194444444444,8.083762406034218,0.17473162053014876,3.794389734169594,2010,,0.75
0.4,2308,577,0.7729636048526863,8.561447201401823,0.15263675996543072,3.843070977133468,2011,,0.75
0.5,2885,577,0.7175043327556326,8.889877899931536,0.19388782788935505,3.8064631208288,2011,,0.75
0.6,3462,576,0.6979166666666666,8.309864053043508,0.1991312490825489,3.8828557564162893,2011,,0.75
0.7,4038,578,0.7352941176470589,8.5086545357719,0.1718581640495437,3.805598158582966,2011,,0.75
0.8,4616,577,0.7192374350086655,8.254216898270746,0.19139442291782993,3.6486947242913272,2011,,0.75
0.4,2265,566,0.7526501766784452,8.938885415153926,0.16345230167009006,3.8897311396055283,2012,,0.75
0.5,2831,566,0.7067137809187279,8.53737559296848,0.18946251763898014,3.832752873440494,2012,,0.75
0.6,3397,567,0.7566137566137566,8.030792454682302,0.1657701043323611,3.6465876069061878,2012,,0.75
0.7,3964,566,0.7473498233215548,8.391827027215996,0.17494480762726444,3.623222414294693,2012,,0.75
0.8,4530,566,0.726148409893993,8.140374770053725,0.18117424342458407,3.5734877905837563,2012,,0.75
0.4,2306,576,0.7118055555555556,9.268649512754767,0.1792546919641291,3.8774125314985173,2013,,0.75
0.5,2882,577,0.7209705372616985,8.91782022741327,0.18777180539133392,3.4801726712669816,2013,,0.75
0.6,3459,576,0.7256944444444444,8.161392296896551,0.17360939500430972,3.4400956952357147,2013,,0.75
0.7,4035,577,0.7036395147313691,8.698365615468024,0.18669532627488553,3.4788606648412777,2013,,0.75
0.8,4612,576,0.7204861111111112,8.427700545722216,0.18030749560941386,3.5950887350550333,2013,,0.75
0.4,2379,595,0.6991596638655462,9.463938004253816,0.18681990901376666,3.46578909964119,2014,,0.75
0.5,2974,594,0.6851851851851852,8.611972085065823,0.19128800896490222,3.19048072595626,2014,,0.75
0.6,3568,595,0.704201680672269,8.299378891976733,0.18486019047093105,3.098149374912088,2014,,0.75
0.7,4163,595,0.7411764705882353,8.242637664880355,0.17946757714164013,3.146884796395606,2014,,0.75
0.8,4758,595,0.7310924369747899,8.421671869502092,0.18102000563448808,3.0695958934522767,2014,,0.75
0.4,2372,594,0.7390572390572391,8.572083421476325,0.17782767420994744,3.5205625367420676,2015,,0.75
0.5,2966,593,0.6981450252951096,8.503897827508801,0.18808610634805828,3.399177882502962,2015,,0.75
0.6,3559,593,0.7116357504215851,8.397955578579236,0.18542875317851842,3.1713201407951237,2015,,0.75
0.7,4152,593,0.7048903878583473,8.560454077382378,0.19413145925693356,3.3219968027738167,2015,,0.75
0.8,4745,593,0.7166947723440135,8.387571407548132,0.18048660325672214,3.2287666316737993,2015,,0.75
0.4,2380,595,0.7478991596638656,8.76894852070389,0.17060363137767282,3.9611628433409383,2016,,0.75
0.5,2975,595,0.6873949579831933,8.988507179560713,0.20651060986049377,3.689452383460368,2016,,0.75
0.6,3570,595,0.7025210084033613,8.399310396929291,0.1911365687008602,3.2757250441502004,2016,,0.75
0.7,4165,595,0.6907563025210084,8.86022560223651,0.1946882294683249,3.318011003274895,2016,,0.75
0.8,4760,595,0.7075630252100841,8.35500466930365,0.18067998488875142,3.407733045569338,2016,,0.75
0.4,2385,597,0.7353433835845896,8.788189140154786,0.17594687976450296,3.692970753531068,2017,,0.75
0.5,2982,596,0.6912751677852349,8.773778227185856,0.19939881817337043,3.453274601534752,2017,,0.75
0.6,3578,596,0.6946308724832215,8.92779468327097,0.19053245834467294,3.2202331183821697,2017,,0.75
0.7,4174,597,0.7202680067001676,8.53777749037318,0.18534543646948168,3.0616280724465406,2017,,0.75
0.8,4771,596,0.7114093959731543,8.351434489327904,0.18682915795123825,3.028720335109254,2017,,0.75
0.4,2387,597,0.7336683417085427,9.413344790456813,0.18039581791193185,3.820495801184166,2018,,0.75
0.5,2984,596,0.709731543624161,9.07045580391118,0.19177636180964458,3.8198953093303705,2018,,0.75
0.6,3580,597,0.7085427135678392,8.650234182182539,0.19094931554677458,3.657401778474875,2018,,0.75
0.7,4177,597,0.7102177554438861,9.412505452206222,0.193551786210588,3.50450370093967,2018,,0.75
0.8,4774,597,0.7202680067001676,8.645731108070224,0.18866636597763697,3.459233948350641,2018,,0.75
0.4,2419,605,0.7223140495867768,9.363934334741403,0.18192763812932744,3.4463348651495633,2019,,0.75
0.5,3024,605,0.6958677685950413,8.448789358653123,0.18829003679270712,3.166580333425984,2019,,0.75
0.6,3629,605,0.7008264462809918,9.086742265218364,0.19085257775548134,3.1473170513417377,2019,,0.75
0.7,4234,605,0.6942148760330579,8.86119323783389,0.1925307734862831,3.1660923000883057,2019,,0.75
0.8,4839,605,0.7289256198347107,8.982027168458107,0.18857708595965683,3.1459606590008615,2019,,0.75
0.4,2306,577,0.7487001733102253,10.363756571637623,0.17884791710712716,3.734169663962332,2020,,0.75
0.5,2883,577,0.7053726169844021,9.373333141046414,0.19287444838472134,3.4759914189700623,2020,,0.75
0.6,3460,576,0.6979166666666666,8.522954465109272,0.1966659210969691,3.3841000179801064,2020,,0.75
0.7,4036,577,0.7192374350086655,8.61277034255534,0.1803945678225347,3.245516028371922,2020,,0.75
0.8,4613,577,0.707105719237435,8.44664268964195,0.18896000845774913,3.286318148315918,2020,,0.75
0.4,2290,573,0.7521815008726004,9.06000211132132,0.16308504423186052,4.516404923460899,2009,,1.0
0.5,2863,572,0.7132867132867133,9.192776278462217,0.1861638143737364,4.244813428515761,2009,,1.0
0.6,3435,573,0.7015706806282722,8.561593170704167,0.19472787450905218,4.033226667009385,2009,,1.0
0.7,4008,572,0.7097902097902098,8.503635971314417,0.18999878282757068,3.7924780512734055,2009,,1.0
0.8,4580,573,0.699825479930192,8.723309981754861,0.18917802916925205,3.7619043663623555,2009,,1.0
0.4,2304,576,0.7239583333333334,8.574292438456498,0.17022480512008292,4.589791977287984,2010,,1.0
0.5,2880,576,0.7204861111111112,8.427172554395046,0.17846703863057778,4.268799485852007,2010,,1.0
0.6,3456,576,0.7378472222222222,8.181719007226265,0.18190793675315162,4.114708215297629,2010,,1.0
0.7,4032,576,0.7430555555555556,8.464500855300955,0.17553502301819682,3.9914325835380136,2010,,1.0
0.8,4608,576,0.7430555555555556,8.076869099545453,0.17467553974465502,3.862928379671288,2010,,1.0
0.4,2308,577,0.7764298093587522,8.525820465193311,0.15342230089071915,3.9495082869401847,2011,,1.0
0.5,2885,577,0.7192374350086655,8.902577790326589,0.19388871906094712,3.883567138366811,2011,,1.0
0.6,3462,576,0.703125,8.279109626488856,0.1980071059401258,3.9406605020352483,2011,,1.0
0.7,4038,578,0.7352941176470589,8.514734761327496,0.17274735669514457,3.854282994741834,2011,,1.0
0.8,4616,577,0.7244367417677643,8.245773769701724,0.1910501198331409,3.6898290534671503,2011,,1.0
0.4,2265,566,0.7508833922261484,8.937656109433705,0.16409094698172647,3.959358938385609,2012,,1.0
0.5,2831,566,0.6996466431095406,8.546646252794671,0.18933960056145432,3.878206377853646,2012,,1.0
0.6,3397,567,0.7566137566137566,8.009333108297703,0.16644270913450296,3.678341953613846,2012,,1.0
0.7,3964,566,0.7526501766784452,8.364383575903886,0.17557166222792095,3.6463796101428234,2012,,1.0
0.8,4530,566,0.7296819787985865,8.12064615317211,0.18137628548333226,3.5912280147536353,2012,,1.0
0.4,2306,576,0.7065972222222222,9.276552107477752,0.17902477515223358,3.946550356131521,2013,,1.0
0.5,2882,577,0.7209705372616985,8.910643130203052,0.18761586831157293,3.5276138639749255,2013,,1.0
0.6,3459,576,0.7274305555555556,8.173785423414792,0.17436715769715327,3.4776453094604487,2013,,1.0
0.7,4035,577,0.7036395147313691,8.677916682605336,0.18635224754848123,3.506997302934573,2013,,1.0
0.8,4612,576,0.7170138888888888,8.439807751913314,0.18067652302463275,3.6135119311464394,2013,,1.0
0.4,2379,595,0.6957983193277311,9.398953093645801,0.18555770105094407,3.571972430496664,2014,,1.0
0.5,2974,594,0.6818181818181818,8.6301756162647,0.19128570396644695,3.277904808922255,2014,,1.0
0.6,3568,595,0.7025210084033613,8.271194560380478,0.18439280634769792,3.1632530514144843,2014,,1.0
0.7,4163,595,0.7294117647058823,8.260710977611613,0.17992837398233782,3.1955132646340707,2014,,1.0
0.8,4758,595,0.7344537815126051,8.423298012023,0.18096295642150848,3.109961033433821,2014,,1.0
0.4,2372,594,0.7441077441077442,8.567583196234507,0.17809763427635608,3.591398558313748,2015,,1.0
0.5,2966,593,0.6964586846543002,8.455270049771162,0.1873900189134861,3.45139694199854,2015,,1.0
0.6,3559,593,0.7166947723440135,8.366720447286312,0.18482094746988256,3.2084354366031915,2015,,1.0
0.7,4152,593,0.7099494097807757,8.534252034781964,0.19482849594974586,3.3479132639248093,2015,,1.0
0.8,4745,593,0.7133220910623946,8.393895062647927,0.18051793931727397,3.251419315825744,2015,,1.0
0.4,2380,595,0.7445378151260504,8.78524654142306,0.17137355121450082,4.042611656348542,2016,,1.0
0.5,2975,595,0.6941176470588235,8.988903366520992,0.20690473808242998,3.7596959723519947,2016,,1.0
0.6,3570,595,0.7075630252100841,8.387749581459127,0.1908230479562332,3.326772786093743,2016,,1.0
0.7,4165,595,0.6941176470588235,8.856602965196872,0.19433461329545484,3.355536605880716,2016,,1.0
0.8,4760,595,0.6991596638655462,8.323576218673162,0.1805231490201435,3.436274700465838,2016,,1.0
0.4,2385,597,0.7286432160804021,8.77606078716314,0.1763078941102835,3.773470093161683,2017,,1.0
0.5,2982,596,0.6929530201342282,8.741630741005316,0.19878500854523523,3.518000940569501,2017,,1.0
0.6,3578,596,0.6963087248322147,8.927412834384295,0.19041355971253332,3.2763977662411747,2017,,1.0
0.7,4174,597,0.7269681742043551,8.528032047570575,0.18533361863067446,3.099654499520221,2017,,1.0
0.8,4771,596,0.7063758389261745,8.357035489567616,0.18714197347515582,3.059768594369913,2017,,1.0
0.4,2387,597,0.7353433835845896,9.40457275892027,0.18114595089855218,3.8993932219802088,2018,,1.0
0.5,2984,596,0.7046979865771812,9.043937487919985,0.19137352603931915,3.8813225080058005,2018,,1.0
0.6,3580,597,0.7018425460636516,8.640272153207931,0.19197128098475028,3.705484443985145,2018,,1.0
0.7,4177,597,0.7068676716917923,9.442510672685765,0.19450466910517544,3.5408023360557634,2018,,1.0
0.8,4774,597,0.7236180904522613,8.6379418569733,0.1885621962884735,3.48722231284802,2018,,1.0
0.4,2419,605,0.7256198347107438,9.314453749353273,0.1822339642224862,3.505829453408077,2019,,1.0
0.5,3024,605,0.7024793388429752,8.413026019363967,0.18792121979971182,3.20658378612354,2019,,1.0
0.6,3629,605,0.7008264462809918,9.092392363600531,0.19061285194875693,3.1763619467570803,2019,,1.0
0.7,4234,605,0.6925619834710743,8.862051079588666,0.19291243086179694,3.186485732075305,2019,,1.0
0.8,4839,605,0.7289256198347107,8.95788825775176,0.18778914108339,3.162314104277465,2019,,1.0
0.4,2306,577,0.7452339688041595,10.355138800854624,0.17868396401760808,3.8068826380042413,2020,,1.0
0.5,2883,577,0.707105719237435,9.364944740000368,0.1932434146802625,3.5377877207040513,2020,,1.0
0.6,3460,576,0.7013888888888888,8.493669470955812,0.1969211091332699,3.434438880062868,2020,,1.0
0.7,4036,577,0.7175043327556326,8.59396640989579,0.18037663004027546,3.288786326660981,2020,,1.0
0.8,4613,577,0.708838821490468,8.396792682498555,0.18808515116354874,3.3205429129589925,2020,,1.0
0.4,2290,573,0.7382198952879581,9.141211956293919,0.1646095394323904,4.919493379356444,2009,,1.5
0.5,2863,572,0.7132867132867133,9.266769044263453,0.1884319302500869,4.560460955582953,2009,,1.5
0.6,3435,573,0.6945898778359512,8.604095119675025,0.19647173460845868,4.279933126858279,2009,,1.5
0.7,4008,572,0.7115384615384616,8.518774659181107,0.19047932527957637,3.995729680115222,2009,,1.5
0.8,4580,573,0.6963350785340314,8.710544327378384,0.1895080186439967,3.9367876445285996,2009,,1.5
0.4,2304,576,0.7326388888888888,8.652377989562789,0.1722698100647127,4.928415068655851,2010,,1.5
0.5,2880,576,0.7048611111111112,8.466459334521565,0.1802772719905818,4.5223893298707125,2010,,1.5
0.6,3456,576,0.7326388888888888,8.212323292238308,0.1823731370797414,4.305605562741983,2010,,1.5
0.7,4032,576,0.7361111111111112,8.492000976150983,0.17733271562180578,4.14688778013025,2010,,1.5
0.8,4608,576,0.7447916666666666,8.074494450949635,0.1750937119691951,3.992474510284479,2010,,1.5
0.4,2308,577,0.7729636048526863,8.569935116419664,0.15539630928659579,4.157762182318946,2011,,1.5
0.5,2885,577,0.708838821490468,8.938424422490598,0.19439806988863073,4.038978731807546,2011,,1.5
0.6,3462,576,0.6996527777777778,8.257464430485335,0.19651032652871958,4.059425449294429,2011,,1.5
0.7,4038,578,0.7387543252595156,8.540341940091695,0.17461605275518852,3.9546133734472373,2011,,1.5
0.8,4616,577,0.7175043327556326,8.254873834113198,0.19091515184379954,3.773971235592703,2011,,1.5
0.4,2265,566,0.7491166077738516,8.996975779265012,0.16618472638541829,4.098422773023927,2012,,1.5
0.5,2831,566,0.7031802120141343,8.604906893800154,0.18980588977592636,3.974025597373462,2012,,1.5
0.6,3397,567,0.7513227513227513,8.005852473503337,0.16837138680685684,3.7483857250158263,2012,,1.5
0.7,3964,566,0.7526501766784452,8.357752662444923,0.17729783433503618,3.697508554622443,2012,,1.5
0.8,4530,566,0.7226148409893993,8.110683569433297,0.18202245166207362,3.6307811744265934,2012,,1.5
0.4,2306,576,0.71875,9.330449234012635,0.1797434424919559,4.0648694662483145,2013,,1.5
0.5,2882,577,0.7261698440207972,8.91420277040104,0.1882469041025409,3.609372149557575,2013,,1.5
0.6,3459,576,0.7447916666666666,8.2447324351662,0.1762396127130733,3.5434813078896163,2013,,1.5
0.7,4035,577,0.707105719237435,8.666485594000552,0.18637305388733177,3.5566012233522213,2013,,1.5
0.8,4612,576,0.7118055555555556,8.479553937466745,0.1816798588605678,3.6447653029249527,2013,,1.5
0.4,2379,595,0.7075630252100841,9.344607558793225,0.18435780662542103,3.726841085676725,2014,,1.5
0.5,2974,594,0.6835016835016835,8.693144887851195,0.19216478320592753,3.4050975324147292,2014,,1.5
0.6,3568,595,0.704201680672269,8.275302009228552,0.18425088463445433,3.262961101027999,2014,,1.5
0.7,4163,595,0.7159663865546219,8.294502533020209,0.18103351754285163,3.271483855704239,2014,,1.5
0.8,4758,595,0.7294117647058823,8.4415507127086,0.18129955661233033,3.17208847354931,2014,,1.5
0.4,2372,594,0.7356902356902357,8.608203578209253,0.17969875774198807,3.6988629602174563,2015,,1.5
0.5,2966,593,0.7065767284991569,8.40867208956675,0.18691973592590153,3.5314818564533024,2015,,1.5
0.6,3559,593,0.7099494097807757,8.337307119448043,0.18461831877790996,3.2672321812919476,2015,,1.5
0.7,4152,593,0.7065767284991569,8.519493867294566,0.1964652585441162,3.3875548113175844,2015,,1.5
0.8,4745,593,0.7116357504215851,8.406558123652616,0.18090319862747292,3.286065692482227,2015,,1.5
0.4,2380,595,0.7445378151260504,8.87597964277989,0.17322606471109087,4.159951066594155,2016,,1.5
0.5,2975,595,0.6873949579831933,9.005077529142685,0.20810047176337773,3.862790994172225,2016,,1.5
0.6,3570,595,0.7058823529411765,8.413649745045413,0.1908518135349823,3.4026975609874492,2016,,1.5
0.7,4165,595,0.6890756302521008,8.857577764172932,0.19403684763501144,3.4108597898191024,2016,,1.5
0.8,4760,595,0.704201680672269,8.279126323961645,0.1807303122203281,3.4783115310471766,2016,,1.5
0.4,2385,597,0.7202680067001676,8.797635742985873,0.17784241896359546,3.884789597847564,2017,,1.5
0.5,2982,596,0.6963087248322147,8.713859416007423,0.19836287882604905,3.6106430089255857,2017,,1.5
0.6,3578,596,0.6946308724832215,8.942066504304803,0.1908195330459156,3.35637627067338,2017,,1.5
0.7,4174,597,0.7252931323283082,8.537352145019675,0.18579907155810768,3.1531484337709217,2017,,1.5
0.8,4771,596,0.6996644295302014,8.38975960694901,0.18800527189684804,3.1028564075985248,2017,,1.5
0.4,2387,597,0.7269681742043551,9.42191183696712,0.18309117212699738,4.0090427018584665,2018,,1.5
0.5,2984,596,0.7030201342281879,9.06115518211964,0.19136541495337572,3.9706233141851763,2018,,1.5
0.6,3580,597,0.695142378559464,8.635300468633618,0.19424122100638724,3.777064065724565,2018,,1.5
0.7,4177,597,0.6984924623115578,9.506124751003407,0.19671687680493669,3.5950399891732703,2018,,1.5
0.8,4774,597,0.7202680067001676,8.637790481693486,0.18892870179138266,3.5291357334767355,2018,,1.5
0.4,2419,605,0.7322314049586777,9.305721188425476,0.18347172721391605,3.5824822245449175,2019,,1.5
0.5,3024,605,0.7107438016528925,8.39029009254247,0.18827678435279963,3.2553363587725244,2019,,1.5
0.6,3629,605,0.7090909090909091,9.12790824506045,0.19100993762369395,3.2124315177073774,2019,,1.5
0.7,4234,605,0.6942148760330579,8.876303811431711,0.19415071739637338,3.210429270835972,2019,,1.5
0.8,4839,605,0.7355371900826446,8.926144134982561,0.1868721694350989,3.1805402240521663,2019,,1.5
0.4,2306,577,0.7417677642980935,10.356269752470423,0.17903370285581807,3.8964440122952966,2020,,1.5
0.5,2883,577,0.7019064124783362,9.367646321502745,0.1945331828280757,3.614616218690944,2020,,1.5
0.6,3460,576,0.7013888888888888,8.468704541474546,0.1978775830014303,3.4987628531197617,2020,,1.5
0.7,4036,577,0.7192374350086655,8.582135501190981,0.18085958783452785,3.3455689872118355,2020,,1.5
0.8,4613,577,0.7175043327556326,8.335093880046152,0.18685150615742557,3.3657218305168284,2020,,1.5
0.4,2290,573,0.7574171029668412,9.034161375616932,0.16300090888902072,4.15571559449339,2009,1.0,0.5
0.5,2863,572,0.7202797202797203,9.149806425031732,0.18443528791408081,3.953531823690839,2009,1.0,0.5
0.6,3435,573,0.6963350785340314,8.556161610108363,0.19349783043847532,3.807304411691606,2009,1.0,0.5
0.7,4008,572,0.7115384615384616,8.492040460258,0.18963933934844684,3.5975255080443738,2009,1.0,0.5
0.8,4580,573,0.7085514834205934,8.716240076185741,0.18817756573305353,3.604331921902268,2009,1.0,0.5
0.4,2304,576,0.7395833333333334,8.57764857951616,0.1691923647848977,4.330714594602053,2010,1.0,0.5
0.5,2880,576,0.7256944444444444,8.396281038215413,0.1771814550879427,4.075347648575776,2010,1.0,0.5
0.6,3456,576,0.734375,8.170628315481832,0.18173048038848177,3.968423557445179,2010,1.0,0.5
0.7,4032,576,0.7447916666666666,8.495257689974842,0.17427265157337019,3.8702665851388085,2010,1.0,0.5
0.8,4608,576,0.7395833333333334,8.051420697316368,0.17447329179995194,3.7487835968462586,2010,1.0,0.5
0.4,2308,577,0.7694974003466204,8.56652527344316,0.15170366283898334,3.804066790355857,2011,1.0,0.5
0.5,2885,577,0.7175043327556326,8.909524079879764,0.1945422401551056,3.7864475004528355,2011,1.0,0.5
0.6,3462,576,0.6909722222222222,8.3325046629582,0.20041125784656766,3.8850536824059465,2011,1.0,0.5
0.7,4038,578,0.7352941176470589,8.517551498066668,0.171699219581298,3.805344113209288,2011,1.0,0.5
0.8,4616,577,0.7140381282495667,8.235695240487537,0.19106615795740606,3.620219831955405,2011,1.0,0.5
0.4,2265,566,0.7455830388692579,8.990310506663446,0.16369955899403343,3.871035016991623,2012,1.0,0.5
0.5,2831,566,0.6996466431095406,8.579825852966012,0.1899135234475339,3.830475332476125,2012,1.0,0.5
0.6,3397,567,0.7583774250440917,8.041478459154678,0.1651625330144907,3.631828897616272,2012,1.0,0.5
0.7,3964,566,0.7402826855123675,8.399865084065413,0.17366857944390654,3.6108053339665855,2012,1.0,0.5
0.8,4530,566,0.7367491166077739,8.087474343521894,0.17928394538997905,3.5605112809887007,2012,1.0,0.5
0.4,2306,576,0.7065972222222222,9.285535560881264,0.17997639301758062,3.8315908906616802,2013,1.0,0.5
0.5,2882,577,0.7157712305025996,8.976373875862189,0.1885892542109363,3.425795143807217,2013,1.0,0.5
0.6,3459,576,0.7274305555555556,8.16240761842253,0.1730820939441615,3.410443316068223,2013,1.0,0.5
0.7,4035,577,0.7001733102253033,8.728495059754167,0.18690404591128676,3.4733027992751637,2013,1.0,0.5
0.8,4612,576,0.71875,8.412973294855966,0.17948568037628293,3.621547953514564,2013,1.0,0.5
0.4,2379,595,0.7008403361344537,9.508404899665546,0.18801497673583312,3.4227365294756686,2014,1.0,0.5
0.5,2974,594,0.6818181818181818,8.596914598657998,0.1912248748215939,3.1510645076260526,2014,1.0,0.5
0.6,3568,595,0.7109243697478992,8.31753030744626,0.18499426430975732,3.07599258884555,2014,1.0,0.5
0.7,4163,595,0.746218487394958,8.205882201312487,0.17859884158816866,3.154425104302811,2014,1.0,0.5
0.8,4758,595,0.7428571428571429,8.420745659488027,0.18010799685517948,3.0726000795823247,2014,1.0,0.5
0.4,2372,594,0.734006734006734,8.563402682507729,0.1782221191179615,3.4896772209641314,2015,1.0,0.5
0.5,2966,593,0.6998313659359191,8.553333426019773,0.18909998234747036,3.3752338271549776,2015,1.0,0.5
0.6,3559,593,0.7116357504215851,8.446873138478365,0.1867463859282696,3.141033661269045,2015,1.0,0.5
0.7,4152,593,0.7065767284991569,8.58961431125218,0.1947392848013131,3.3295341868598514,2015,1.0,0.5
0.8,4745,593,0.7099494097807757,8.333435487689957,0.17909671336812308,3.223879476257991,2015,1.0,0.5
0.4,2380,595,0.7445378151260504,8.798163953094832,0.17085371537245078,3.929915897334905,2016,1.0,0.5
0.5,2975,595,0.6873949579831933,9.000067428320905,0.206159715081768,3.642688967894016,2016,1.0,0.5
0.6,3570,595,0.7008403361344537,8.42162368486427,0.19174299486856694,3.201925683430937,2016,1.0,0.5
0.7,4165,595,0.6941176470588235,8.870268542288418,0.1955034253052923,3.2789413128246228,2016,1.0,0.5
0.8,4760,595,0.7075630252100841,8.370919397082327,0.1801201879865526,3.3970097775038774,2016,1.0,0.5
0.4,2385,597,0.7403685092127303,8.808639829556249,0.17591498164745667,3.6613874563744764,2017,1.0,0.5
0.5,2982,596,0.6912751677852349,8.815453259178572,0.20005488474064936,3.4200649606777898,2017,1.0,0.5
0.6,3578,596,0.7030201342281879,8.949964431177841,0.19109244731440583,3.1801756010370896,2017,1.0,0.5
0.7,4174,597,0.7219430485762144,8.557282045979152,0.1852187332861506,3.0352811724200106,2017,1.0,0.5
0.8,4771,596,0.709731543624161,8.340516574764132,0.1868054786709275,3.012324007563443,2017,1.0,0.5
0.4,2387,597,0.7303182579564489,9.41347100914468,0.17988961054426836,3.7726744718194647,2018,1.0,0.5
0.5,2984,596,0.7114093959731543,9.085727040362263,0.19214173096516976,3.8052233451918176,2018,1.0,0.5
0.6,3580,597,0.7068676716917923,8.651542561350018,0.1904372918427875,3.641891799405667,2018,1.0,0.5
0.7,4177,597,0.7102177554438861,9.392337504247358,0.1932341750095194,3.491897600506251,2018,1.0,0.5
0.8,4774,597,0.7169179229480737,8.68837030804093,0.1889404546530346,3.451301581851953,2018,1.0,0.5
0.4,2419,605,0.7289256198347107,9.434781631482007,0.18202357702609426,3.440891240749799,2019,1.0,0.5
0.5,3024,605,0.6942148760330579,8.480478232251366,0.18858057177881013,3.1430823550492337,2019,1.0,0.5
0.6,3629,605,0.6958677685950413,9.06984103048464,0.1907905731176792,3.146351168589374,2019,1.0,0.5
0.7,4234,605,0.6942148760330579,8.860781998679672,0.1921191466227584,3.182489276353803,2019,1.0,0.5
0.8,4839,605,0.7239669421487603,9.015486832249895,0.18908502303350522,3.1659973977531717,2019,1.0,0.5
0.4,2306,577,0.7469670710571924,10.396711301945029,0.17963723796914938,3.733597058646474,2020,1.0,0.5
0.5,2883,577,0.7140381282495667,9.386364183166098,0.19218268188330168,3.46228459106895,2020,1.0,0.5
0.6,3460,576,0.703125,8.563625687772081,0.19612707573352978,3.3751099440951373,2020,1.0,0.5
0.7,4036,577,0.7227036395147314,8.654830756602173,0.18061202242876773,3.228292374923254,2020,1.0,0.5
0.8,4613,577,0.7036395147313691,8.462745360078864,0.18900956017979265,3.292860665720545,2020,1.0,0.5
0.4,2290,573,0.7504363001745201,9.066618702430299,0.16309644711565624,4.469269242641232,2009,1.0,0.75
0.5,2863,572,0.7097902097902098,9.193122637764487,0.18568555935547276,4.193948800930081,2009,1.0,0.75
0.6,3435,573,0.7033158813263525,8.574692185484082,0.19438664950130488,3.9897925922700854,2009,1.0,0.75
0.7,4008,572,0.7097902097902098,8.506393643267819,0.18985034969190132,3.7453251289126386,2009,1.0,0.75
0.8,4580,573,0.7033158813263525,8.707412510549904,0.1883356600698708,3.729245056136521,2009,1.0,0.75
0.4,2304,576,0.7256944444444444,8.55314923484093,0.1695855440081729,4.585106870762826,2010,1.0,0.75
0.5,2880,576,0.7204861111111112,8.414619095064701,0.17789968482772128,4.254992383458101,2010,1.0,0.75
0.6,3456,576,0.7378472222222222,8.179203846646743,0.18145552455247743,4.096543208368534,2010,1.0,0.75
0.7,4032,576,0.7447916666666666,8.485921004242133,0.17504678826235853,3.973075366861077,2010,1.0,0.75
0.8,4608,576,0.7395833333333334,8.044838535523326,0.1742734444746803,3.832942065152484,2010,1.0,0.75
0.4,2308,577,0.7746967071057193,8.509475833509265,0.15245140116643738,3.94941041050165,2011,1.0,0.75
0.5,2885,577,0.7175043327556326,8.9159163693369,0.1942593538665125,3.888692213775124,2011,1.0,0.75
0.6,3462,576,0.6961805555555556,8.28742598981917,0.19870958104538852,3.9594620361353186,2011,1.0,0.75
0.7,4038,578,0.7370242214532872,8.528024535716831,0.17276266498258752,3.8671514599612307,2011,1.0,0.75
0.8,4616,577,0.7209705372616985,8.216894823617986,0.1904130147958276,3.671738518911977,2011,1.0,0.75
0.4,2265,566,0.7491166077738516,8.957290247595571,0.16410373945972562,3.967012849061718,2012,1.0,0.75
0.5,2831,566,0.7031802120141343,8.566216201071411,0.1894221723284209,3.8902487980712905,2012,1.0,0.75
0.6,3397,567,0.7583774250440917,8.011047611593913,0.1658662941194267,3.6714991621388897,2012,1.0,0.75
0.7,3964,566,0.7455830388692579,8.364265856500616,0.17446667879781239,3.639582134016072,2012,1.0,0.75
0.8,4530,566,0.7385159010600707,8.05592785431881,0.17958859221472012,3.5817178384876236,2012,1.0,0.75
0.4,2306,576,0.703125,9.287821605588325,0.17930194107678005,3.9273349144674325,2013,1.0,0.75
0.5,2882,577,0.7175043327556326,8.941924752771335,0.18789620235048263,3.4886340662304938,2013,1.0,0.75
0.6,3459,576,0.7309027777777778,8.169826175273421,0.17380821590535148,3.45811118616806,2013,1.0,0.75
0.7,4035,577,0.7036395147313691,8.695285900922086,0.18627650756195283,3.508010791830691,2013,1.0,0.75
0.8,4612,576,0.71875,8.42787371345642,0.17998413491001622,3.6424218527140524,2013,1.0,0.75
0.4,2379,595,0.6974789915966386,9.39974914698382,0.18606065644846173,3.5726933478214282,2014,1.0,0.75
0.5,2974,594,0.6868686868686869,8.613606533565534,0.19099648959974086,3.269797378009703,2014,1.0,0.75
0.6,3568,595,0.7092436974789916,8.269102136053656,0.18418514206593964,3.1600387463411517,2014,1.0,0.75
0.7,4163,595,0.7378151260504202,8.233309255448342,0.17912408583646489,3.2141305199336037,2014,1.0,0.75
0.8,4758,595,0.7394957983193278,8.41531027232212,0.17998482511237282,3.120841803398532,2014,1.0,0.75
0.4,2372,594,0.7424242424242424,8.539193745060564,0.17792552266937486,3.5882648300409867,2015,1.0,0.75
0.5,2966,593,0.6964586846543002,8.47285889307997,0.1877988827691797,3.4446097000619007,2015,1.0,0.75
0.6,3559,593,0.718381112984823,8.398329840717372,0.18567140860182835,3.187421296431005,2015,1.0,0.75
0.7,4152,593,0.7065767284991569,8.556198461468844,0.19560426031205233,3.360800802682223,2015,1.0,0.75
0.8,4745,593,0.7133220910623946,8.341929391672227,0.1791348760817419,3.2505133310040226,2015,1.0,0.75
0.4,2380,595,0.7445378151260504,8.799389346905421,0.17148968701691672,4.0473311698689765,2016,1.0,0.75
0.5,2975,595,0.6890756302521008,8.988199772036797,0.2064379207143469,3.7389659935813224,2016,1.0,0.75
0.6,3570,595,0.7058823529411765,8.400458879968946,0.19112867009187892,3.2682860929283315,2016,1.0,0.75
0.7,4165,595,0.6957983193277311,8.862648150958227,0.1949606044112124,3.325675452834873,2016,1.0,0.75
0.8,4760,595,0.6974789915966386,8.323649809166351,0.17983710992056126,3.4306474166157543,2016,1.0,0.75
0.4,2385,597,0.7420435510887772,8.7571648820779,0.1759578056693015,3.7827255198904965,2017,1.0,0.75
0.5,2982,596,0.6929530201342282,8.760259535340676,0.1989983280158945,3.5120994017674234,2017,1.0,0.75
0.6,3578,596,0.6912751677852349,8.942672733935744,0.19078948423840555,3.256119167963822,2017,1.0,0.75
0.7,4174,597,0.7252931323283082,8.536034613074133,0.18505954899062982,3.0821289707186104,2017,1.0,0.75
0.8,4771,596,0.7046979865771812,8.357131408127243,0.187181072145728,3.049217694024728,2017,1.0,0.75
0.4,2387,597,0.7319932998324958,9.387481658210842,0.18045981717313472,3.8990595810323865,2018,1.0,0.75
0.5,2984,596,0.709731543624161,9.046979084604047,0.19143223291961264,3.8939817546168736,2018,1.0,0.75
0.6,3580,597,0.7051926298157454,8.62076288001504,0.19154639462024617,3.706995377162605,2018,1.0,0.75
0.7,4177,597,0.7001675041876047,9.431587210835946,0.19438038794247112,3.537625377708963,2018,1.0,0.75
0.8,4774,597,0.7202680067001676,8.67180763773276,0.18860642064005775,3.4843142368944187,2018,1.0,0.75
0.4,2419,605,0.7305785123966942,9.348606094854885,0.18201901220854538,3.539962578556243,2019,1.0,0.75
0.5,3024,605,0.7024793388429752,8.41503319163136,0.18775410392507594,3.2062458813882344,2019,1.0,0.75
0.6,3629,605,0.7074380165289256,9.070660262006935,0.1902559024253654,3.1891949009206035,2019,1.0,0.75
0.7,4234,605,0.6975206611570248,8.857030801880436,0.19244877523496554,3.209873714172913,2019,1.0,0.75
0.8,4839,605,0.7223140495867768,8.972708719171052,0.18793769995369944,3.1863227548701363,2019,1.0,0.75
0.4,2306,577,0.7504332755632582,10.354071212964634,0.178949433941975,3.8400090633681407,2020,1.0,0.75
0.5,2883,577,0.707105719237435,9.36107871519935,0.19231578021230628,3.548615492301009,2020,1.0,0.75
0.6,3460,576,0.6944444444444444,8.52100760815097,0.19621509529250467,3.4418382836877424,2020,1.0,0.75
0.7,4036,577,0.7192374350086655,8.62671719779095,0.18042021208782538,3.283159449151276,2020,1.0,0.75
0.8,4613,577,0.707105719237435,8.40487946918634,0.18786982766517535,3.3337929701242124,2020,1.0,0.75
0.4,2290,573,0.7486910994764397,9.108953077840264,0.16374056256818706,4.737959488499435,2009,1.0,1.0
0.5,2863,572,0.7027972027972028,9.237924288186417,0.18697616702782333,4.400323456011429,2009,1.0,1.0
0.6,3435,573,0.7068062827225131,8.599206248359428,0.1954159279491625,4.147323707434557,2009,1.0,1.0
0.7,4008,572,0.7062937062937062,8.515257165996582,0.19013126039246478,3.872130426498532,2009,1.0,1.0
0.8,4580,573,0.6945898778359512,8.703524394145395,0.1886128590738591,3.836511803638044,2009,1.0,1.0
0.4,2304,576,0.7447916666666666,8.584302308533987,0.17054624189004983,4.815306005656257,2010,1.0,1.0
0.5,2880,576,0.7170138888888888,8.445181821432707,0.1789106881333961,4.421353840614585,2010,1.0,1.0
0.6,3456,576,0.7326388888888888,8.198043866621934,0.181599325580837,4.217492408881468,2010,1.0,1.0
0.7,4032,576,0.7395833333333334,8.496768231689337,0.1760975838017474,4.069801475162724,2010,1.0,1.0
0.8,4608,576,0.7395833333333334,8.04550998177307,0.1744067145928884,3.911715198964639,2010,1.0,1.0
0.4,2308,577,0.7781629116117851,8.518608476865458,0.15352946841184575,4.089920869455832,2011,1.0,1.0
0.5,2885,577,0.7105719237435009,8.934171782713957,0.1943374249321417,3.9905867434851845,2011,1.0,1.0
0.6,3462,576,0.6909722222222222,8.270691766135782,0.19748979179744688,4.03534101649504,2011,1.0,1.0
0.7,4038,578,0.7370242214532872,8.543953651005998,0.17391066994607965,3.9305198686817313,2011,1.0,1.0
0.8,4616,577,0.7175043327556326,8.217607437946356,0.19014829977000075,3.723994300281482,2011,1.0,1.0
0.4,2265,566,0.7508833922261484,8.978969933388527,0.1651604128040119,4.060974264759029,2012,1.0,1.0
0.5,2831,566,0.7049469964664311,8.591163667565752,0.1894233261337831,3.952191093321976,2012,1.0,1.0
0.6,3397,567,0.7548500881834215,8.002808787804982,0.16696459571602182,3.714678181070788,2012,1.0,1.0
0.7,3964,566,0.7473498233215548,8.348504422759312,0.17555686652047997,3.6706487554468348,2012,1.0,1.0
0.8,4530,566,0.734982332155477,8.046220835415664,0.18005777730716074,3.605015877030286,2012,1.0,1.0
0.4,2306,576,0.7135416666666666,9.306788201337818,0.17941666644887141,4.006939712250729,2013,1.0,1.0
0.5,2882,577,0.7192374350086655,8.93159765713984,0.18790502745749665,3.540994952849962,2013,1.0,1.0
0.6,3459,576,0.7395833333333334,8.193059854803824,0.1748103332459428,3.499274930196732,2013,1.0,1.0
0.7,4035,577,0.7036395147313691,8.67597941960299,0.186091381731884,3.5380784448909695,2013,1.0,1.0
0.8,4612,576,0.7135416666666666,8.4529208787827,0.18063779723210335,3.6594278765550237,2013,1.0,1.0
0.4,2379,595,0.6991596638655462,9.352756104165358,0.18498054573510853,3.683567768522898,2014,1.0,1.0
0.5,2974,594,0.6885521885521886,8.643982992837456,0.1913719384683722,3.357461620422742,2014,1.0,1.0
0.6,3568,595,0.7025210084033613,8.25636598553918,0.18388435610991072,3.225469587299938,2014,1.0,1.0
0.7,4163,595,0.7260504201680672,8.25613241758825,0.17977571854911067,3.2612432103506546,2014,1.0,1.0
0.8,4758,595,0.7344537815126051,8.428628629029959,0.18015129999539706,3.158076606564081,2014,1.0,1.0
0.4,2372,594,0.7390572390572391,8.545441820298397,0.1784823582730567,3.6632633774231884,2015,1.0,1.0
0.5,2966,593,0.7015177065767285,8.426847366617128,0.18710518330597334,3.4976827000138404,2015,1.0,1.0
0.6,3559,593,0.7116357504215851,8.373873745972727,0.1852364752309503,3.224055179026154,2015,1.0,1.0
0.7,4152,593,0.7065767284991569,8.539092895386712,0.19660729391830792,3.384496080715967,2015,1.0,1.0
0.8,4745,593,0.718381112984823,8.350828707202824,0.17937516316930985,3.270719353805818,2015,1.0,1.0
0.4,2380,595,0.7428571428571429,8.835625985284342,0.1724586536561379,4.131674089307098,2016,1.0,1.0
0.5,2975,595,0.6907563025210084,8.989645473216965,0.20703134761122047,3.809918778728969,2016,1.0,1.0
0.6,3570,595,0.7092436974789916,8.406282826913523,0.1909577375212484,3.31792599877303,2016,1.0,1.0
0.7,4165,595,0.6974789915966386,8.86344298232768,0.19467510752981998,3.360101046551131,2016,1.0,1.0
0.8,4760,595,0.6974789915966386,8.289424349254958,0.17989919518864225,3.4553630654385317,2016,1.0,1.0
0.4,2385,597,0.7252931323283082,8.761000770111641,0.176616137562184,3.8653989293048827,2017,1.0,1.0
0.5,2982,596,0.6879194630872483,8.730608789391978,0.19846829915181266,3.5780602585969237,2017,1.0,1.0
0.6,3578,596,0.6895973154362416,8.947490197479222,0.19090007089350217,3.3107567150173742,2017,1.0,1.0
0.7,4174,597,0.7269681742043551,8.530447386574263,0.18522300984035386,3.114911121471359,2017,1.0,1.0
0.8,4771,596,0.7046979865771812,8.376604794151042,0.18771510364181196,3.074557380164018,2017,1.0,1.0
0.4,2387,597,0.7336683417085427,9.387507145088112,0.18151032805314404,3.9816850319408186,2018,1.0,1.0
0.5,2984,596,0.7046979865771812,9.043698800902263,0.1912658762064864,3.955733951338023,2018,1.0,1.0
0.6,3580,597,0.6984924623115578,8.610692171749038,0.19287108621699858,3.754471295721043,2018,1.0,1.0
0.7,4177,597,0.7001675041876047,9.471896671206306,0.19576398192148398,3.5711346787129363,2018,1.0,1.0
0.8,4774,597,0.7236180904522613,8.662670560750488,0.1886819978910401,3.5086316081574482,2018,1.0,1.0
0.4,2419,605,0.7355371900826446,9.319820518571657,0.18252079461445667,3.602719386230521,2019,1.0,1.0
0.5,3024,605,0.715702479338843,8.387476607868813,0.1876347256897228,3.2447018159762866,2019,1.0,1.0
0.6,3629,605,0.7090909090909091,9.091547989703496,0.19029021577439223,3.2160496070609854,2019,1.0,1.0
0.7,4234,605,0.7024793388429752,8.86512494324662,0.19310232319065465,3.2261069454113507,2019,1.0,1.0
0.8,4839,605,0.7272727272727273,8.945241747496384,0.18719316141007325,3.197646928066914,2019,1.0,1.0
0.4,2306,577,0.7469670710571924,10.3468283106368,0.17884804488631736,3.9038772781505746,2020,1.0,1.0
0.5,2883,577,0.707105719237435,9.35162911772607,0.192902401325517,3.6011597048817063,2020,1.0,1.0
0.6,3460,576,0.6996527777777778,8.488021306283615,0.19664474539809257,3.484295541081807,2020,1.0,1.0
0.7,4036,577,0.7227036395147314,8.615068018016778,0.18058088703181474,3.319381059382771,2020,1.0,1.0
0.8,4613,577,0.7157712305025996,8.362610346801894,0.18702540098355536,3.3609226214750034,2020,1.0,1.0
0.4,2290,573,0.7417102966841187,9.216846846695441,0.16570894547367332,5.180940612309981,2009,1.0,1.5
0.5,2863,572,0.7062937062937062,9.320544471405025,0.18947648819447144,4.7416988453553905,2009,1.0,1.5
0.6,3435,573,0.7033158813263525,8.666252329211058,0.1975269870221099,4.408175856057584,2009,1.0,1.5
0.7,4008,572,0.708041958041958,8.539871736565445,0.1907583652125563,4.080117978047281,2009,1.0,1.5
0.8,4580,573,0.6963350785340314,8.698983659204496,0.18921494621957688,4.01220901122159,2009,1.0,1.5
0.4,2304,576,0.7291666666666666,8.710233447488372,0.1730720954501211,5.219204451276661,2010,1.0,1.5
0.5,2880,576,0.7083333333333334,8.489812742408956,0.18120495818864285,4.719651885111099,2010,1.0,1.5
0.6,3456,576,0.7326388888888888,8.250322133235564,0.18255952557935584,4.43847013085788,2010,1.0,1.5
0.7,4032,576,0.7256944444444444,8.550899290229442,0.17855017680928026,4.245791884585871,2010,1.0,1.5
0.8,4608,576,0.7465277777777778,8.05339861323761,0.17528896794279003,4.05495684589022,2010,1.0,1.5
0.4,2308,577,0.7660311958405546,8.603246142331272,0.1560463089452164,4.36114545606844,2011,1.0,1.5
0.5,2885,577,0.7053726169844021,8.97665178998789,0.19500921399509868,4.193302012471241,2011,1.0,1.5
0.6,3462,576,0.6979166666666666,8.261949237852466,0.1960341411559677,4.189047629892312,2011,1.0,1.5
0.7,4038,578,0.7422145328719724,8.573761214657136,0.1762572554498363,4.0589752234860725,2011,1.0,1.5
0.8,4616,577,0.7105719237435009,8.24338202855915,0.1903665455625699,3.8293053079531503,2011,1.0,1.5
0.4,2265,566,0.7491166077738516,9.061160440389928,0.1679156008366573,4.251030795840514,2012,1.0,1.5
0.5,2831,566,0.7102473498233216,8.66326543067845,0.19023658223610063,4.08561914528052,2012,1.0,1.5
0.6,3397,567,0.7425044091710759,8.032298167073971,0.16966507195178213,3.813042580525647,2012,1.0,1.5
0.7,3964,566,0.7526501766784452,8.375118691005044,0.1781084911657391,3.7425110617190964,2012,1.0,1.5
0.8,4530,566,0.726148409893993,8.059607797433927,0.18125018470209062,3.660384743902924,2012,1.0,1.5
0.4,2306,576,0.7152777777777778,9.375345090638213,0.18078662527357708,4.160587990997859,2013,1.0,1.5
0.5,2882,577,0.7192374350086655,8.944121591142938,0.1889188016081554,3.6445336431639497,2013,1.0,1.5
0.6,3459,576,0.7482638888888888,8.288809751595467,0.177160884384181,3.580947432863581,2013,1.0,1.5
0.7,4035,577,0.708838821490468,8.66853121597689,0.1865194519982879,3.5993997967913463,2013,1.0,1.5
0.8,4612,576,0.7048611111111112,8.5048381619213,0.18220093920473582,3.695302214779651,2013,1.0,1.5
0.4,2379,595,0.7075630252100841,9.343880431411012,0.18409621479659252,3.859224045879485,2014,1.0,1.5
0.5,2974,594,0.6835016835016835,8.726656664803853,0.19286935989285525,3.494262145957293,2014,1.0,1.5
0.6,3568,595,0.7025210084033613,8.286094439513308,0.18409438158820315,3.3331436543773627,2014,1.0,1.5
0.7,4163,595,0.7142857142857143,8.299470149530178,0.18129626348431918,3.341098579006813,2014,1.0,1.5
0.8,4758,595,0.7327731092436974,8.481414216621593,0.18102891029618323,3.219484649024055,2014,1.0,1.5
0.4,2372,594,0.7424242424242424,8.62809185644619,0.18054816022451425,3.7871188673579823,2015,1.0,1.5
0.5,2966,593,0.7166947723440135,8.39231127648014,0.1868675527866113,3.5865995156133823,2015,1.0,1.5
0.6,3559,593,0.7065767284991569,8.363270430481672,0.18547728914165687,3.287684067934554,2015,1.0,1.5
0.7,4152,593,0.7032040472175379,8.554389732020873,0.19872602201622339,3.424455458614455,2015,1.0,1.5
0.8,4745,593,0.7099494097807757,8.386158269178127,0.18023587882042402,3.304768509149134,2015,1.0,1.5
0.4,2380,595,0.7327731092436974,8.950170807129911,0.17462066491668898,4.260710112884465,2016,1.0,1.5
0.5,2975,595,0.6789915966386555,9.021353710547402,0.20865639024524507,3.9190641535528163,2016,1.0,1.5
0.6,3570,595,0.719327731092437,8.446313744335658,0.19125544082347365,3.39558816480867,2016,1.0,1.5
0.7,4165,595,0.692436974789916,8.87608572568847,0.19458163858197877,3.4137111661492696,2016,1.0,1.5
0.8,4760,595,0.7092436974789916,8.25111410127614,0.18059701302111675,3.494480198535813,2016,1.0,1.5
0.4,2385,597,0.7252931323283082,8.816905289260049,0.1785443403265001,3.9875771492330703,2017,1.0,1.5
0.5,2982,596,0.6845637583892618,8.715416052684194,0.19822568370770693,3.678220251939774,2017,1.0,1.5
0.6,3578,596,0.6929530201342282,8.975021682410421,0.19170243222027364,3.392039721074678,2017,1.0,1.5
0.7,4174,597,0.7169179229480737,8.561183809886131,0.18608004595395608,3.1636005802582736,2017,1.0,1.5
0.8,4771,596,0.6946308724832215,8.42658132097085,0.18908866230729457,3.111414504194086,2017,1.0,1.5
0.4,2387,597,0.7319932998324958,9.439958138141318,0.18381468268047915,4.097437884871267,2018,1.0,1.5
0.5,2984,596,0.7114093959731543,9.077408492016513,0.19166480005424277,4.04742453622387,2018,1.0,1.5
0.6,3580,597,0.6984924623115578,8.617292210153412,0.1956118297205466,3.8270706282179274,2018,1.0,1.5
0.7,4177,597,0.6867671691792295,9.556692625683533,0.1987322534729184,3.6229224251191967,2018,1.0,1.5
0.8,4774,597,0.7252931323283082,8.679175187184041,0.18949475333847463,3.547003363363148,2018,1.0,1.5
0.4,2419,605,0.7256198347107438,9.3336008839338,0.1840465715760386,3.6848987995733475,2019,1.0,1.5
0.5,3024,605,0.7107438016528925,8.391639635819496,0.18853026883269206,3.2932068322365726,2019,1.0,1.5
0.6,3629,605,0.6991735537190082,9.141429644350538,0.19129215562169694,3.2519038270850125,2019,1.0,1.5
0.7,4234,605,0.6942148760330579,8.905402811159663,0.19492742793449624,3.247092289315835,2019,1.0,1.5
0.8,4839,605,0.7206611570247934,8.91091701744708,0.18657261398900268,3.2112398179995094,2019,1.0,1.5
0.4,2306,577,0.7365684575389948,10.331563245655294,0.17929696735613257,3.9802217428980344,2020,1.0,1.5
0.5,2883,577,0.708838821490468,9.37017084159559,0.19455712483630275,3.6647915928383825,2020,1.0,1.5
0.6,3460,576,0.703125,8.468253066834032,0.1978975072122141,3.5379443585686627,2020,1.0,1.5
0.7,4036,577,0.7261698440207972,8.607027811643173,0.18143920411498463,3.3670060581642716,2020,1.0,1.5
0.8,4613,577,0.7192374350086655,8.310601546686861,0.18595678205411917,3.3970476776812033,2020,1.0,1.5
0.4,2290,573,0.7539267015706806,9.055733693571778,0.16319173956666969,4.265142875569031,2009,0.6,0.5
0.5,2863,572,0.715034965034965,9.174772619903642,0.18488006437666227,4.0290787052656585,2009,0.6,0.5
0.6,3435,573,0.6945898778359512,8.573850601011886,0.19378583876129188,3.86299744497791,2009,0.6,0.5
0.7,4008,572,0.7115384615384616,8.506954019396845,0.1897564319957096,3.6374094138764255,2009,0.6,0.5
0.8,4580,573,0.7033158813263525,8.702671163565899,0.18776269569202247,3.642567359274916,2009,0.6,0.5
0.4,2304,576,0.7361111111111112,8.562903806960257,0.16914678091895688,4.437887873899764,2010,0.6,0.5
0.5,2880,576,0.7274305555555556,8.397569271634445,0.17723368893468233,4.147036683564405,2010,0.6,0.5
0.6,3456,576,0.7361111111111112,8.17706602943205,0.1814339971516018,4.014941525913631,2010,0.6,0.5
0.7,4032,576,0.7395833333333334,8.513477685702645,0.17443871775967867,3.904997391661161,2010,0.6,0.5
0.8,4608,576,0.7465277777777778,8.033792912650743,0.17429393815393704,3.766301883970821,2010,0.6,0.5
0.4,2308,577,0.7712305025996534,8.52516861506845,0.1515044870048319,3.8672985750203606,2011,0.6,0.5
0.5,2885,577,0.7192374350086655,8.928186741965726,0.19481631251117398,3.836362788475001,2011,0.6,0.5
0.6,3462,576,0.6892361111111112,8.326198238780604,0.20032184134268918,3.9315763578145875,2011,0.6,0.5
0.7,4038,578,0.7370242214532872,8.530610939668366,0.17231878443455256,3.8422971343143635,2011,0.6,0.5
0.8,4616,577,0.7140381282495667,8.218674649934327,0.19055544300339883,3.6302678583397094,2011,0.6,0.5
0.4,2265,566,0.7455830388692579,8.99714655401454,0.16396674041367923,3.918141539899848,2012,0.6,0.5
0.5,2831,566,0.696113074204947,8.5977305400898,0.18997010281366195,3.866433888849684,2012,0.6,0.5
0.6,3397,567,0.7654320987654321,8.028776146575009,0.16515483244364498,3.64647582678583,2012,0.6,0.5
0.7,3964,566,0.7402826855123675,8.382243498658404,0.17339111967308365,3.620107887874609,2012,0.6,0.5
0.8,4530,566,0.7385159010600707,8.038200134292458,0.17836842653374882,3.564994379570856,2012,0.6,0.5
0.4,2306,576,0.7083333333333334,9.29491838532287,0.1799101672449638,3.865758317726937,2013,0.6,0.5
0.5,2882,577,0.7140381282495667,8.996531487298963,0.1887420618867899,3.4338630322409123,2013,0.6,0.5
0.6,3459,576,0.7326388888888888,8.170553031272703,0.1731986327834186,3.4253442938624787,2013,0.6,0.5
0.7,4035,577,0.7001733102253033,8.736412785928758,0.18671299237648722,3.495523274621537,2013,0.6,0.5
0.8,4612,576,0.71875,8.41488853036158,0.17932111166953235,3.655895994521908,2013,0.6,0.5
0.4,2379,595,0.7008403361344537,9.471327512935275,0.18752032538588687,3.4968967349379922,2014,0.6,0.5
0.5,2974,594,0.6818181818181818,8.5970157045354,0.19101704999231658,3.2066959977747644,2014,0.6,0.5
0.6,3568,595,0.7092436974789916,8.3036439391453,0.1846646324109841,3.1168875866305594,2014,0.6,0.5
0.7,4163,595,0.7428571428571429,8.20742947149867,0.17843344612989331,3.1980417881988816,2014,0.6,0.5
0.8,4758,595,0.7445378151260504,8.422906569052085,0.17961382911492976,3.1029325451897356,2014,0.6,0.5
0.4,2372,594,0.7373737373737373,8.542474931821781,0.17819291035328474,3.538262904619679,2015,0.6,0.5
0.5,2966,593,0.7015177065767285,8.538999675657303,0.189008642389379,3.40862933130495,2015,0.6,0.5
0.6,3559,593,0.7065767284991569,8.450179918945071,0.18699895217483237,3.1547623759059635,2015,0.6,0.5
0.7,4152,593,0.6998313659359191,8.589656063366506,0.19571816055944485,3.35842750275275,2015,0.6,0.5
0.8,4745,593,0.7166947723440135,8.30999103444557,0.1783705364449846,3.2393350619342294,2015,0.6,0.5
0.4,2380,595,0.7428571428571429,8.81779926335003,0.17142180806638144,3.988765057090889,2016,0.6,0.5
0.5,2975,595,0.6890756302521008,9.003151001436462,0.2061740349938517,3.6764282129672945,2016,0.6,0.5
0.6,3570,595,0.704201680672269,8.425392870439703,0.19185732773103337,3.1979718681045353,2016,0.6,0.5
0.7,4165,595,0.6941176470588235,8.875007040318923,0.19584748991767648,3.2863665146206933,2016,0.6,0.5
0.8,4760,595,0.704201680672269,8.354642106859243,0.17966507493706058,3.4143422508992347,2016,0.6,0.5
0.4,2385,597,0.7386934673366834,8.788833203278365,0.1758821117117024,3.724831708685907,2017,0.6,0.5
0.5,2982,596,0.6845637583892618,8.811734241540607,0.1999015402368529,3.460978054153378,2017,0.6,0.5
0.6,3578,596,0.6963087248322147,8.960882170303648,0.19127062131831177,3.206187120842249,2017,0.6,0.5
0.7,4174,597,0.7202680067001676,8.560713097252943,0.18513976205599741,3.0521247666218807,2017,0.6,0.5
0.8,4771,596,0.7030201342281879,8.347484203709039,0.18703160195475046,3.0273167107315833,2017,0.6,0.5
0.4,2387,597,0.7303182579564489,9.400585225336542,0.1798240237830516,3.8338590319383608,2018,0.6,0.5
0.5,2984,596,0.709731543624161,9.070738010229904,0.19187487091735372,3.8612796616290743,2018,0.6,0.5
0.6,3580,597,0.7152428810720268,8.637175523967075,0.19086261006449065,3.678339635726033,2018,0.6,0.5
0.7,4177,597,0.7051926298157454,9.407067700838477,0.19376282829156602,3.51642265915961,2018,0.6,0.5
0.8,4774,597,0.7102177554438861,8.709459221997374,0.18902376327545273,3.4686025601607073,2018,0.6,0.5
0.4,2419,605,0.7305785123966942,9.427581186887581,0.18203588132863704,3.5110283974141785,2019,0.6,0.5
0.5,3024,605,0.6975206611570248,8.457279167938015,0.18827654841140254,3.174694274277212,2019,0.6,0.5
0.6,3629,605,0.7024793388429752,9.055301143580996,0.1904010852714378,3.1783809321911627,2019,0.6,0.5
0.7,4234,605,0.6991735537190082,8.860393747756497,0.19215698016457436,3.2144795357628504,2019,0.6,0.5
0.8,4839,605,0.71900826446281,9.017917868008286,0.18890797009992866,3.1937039211759486,2019,0.6,0.5
0.4,2306,577,0.7487001733102253,10.385321989381312,0.17972299680959083,3.8116732452727713,2020,0.6,0.5
0.5,2883,577,0.7123050259965338,9.380282100762344,0.19189716352965036,3.5171443879786466,2020,0.6,0.5
0.6,3460,576,0.7013888888888888,8.570285233542165,0.19587674765553698,3.417433922676607,2020,0.6,0.5
0.7,4036,577,0.7227036395147314,8.672675474703814,0.1807117444272139,3.2547931919234165,2020,0.6,0.5
0.8,4613,577,0.7053726169844021,8.448468312142646,0.18846692839169285,3.3240199763552303,2020,0.6,0.5
0.4,2290,573,0.7521815008726004,9.097632805028832,0.1634612668874721,4.605560237570991,2009,0.6,0.75
0.5,2863,572,0.708041958041958,9.221239483941075,0.1862251078586283,4.287452380511106,2009,0.6,0.75
0.6,3435,573,0.7068062827225131,8.602297090216519,0.19485999443982044,4.057065733867916,2009,0.6,0.75
0.7,4008,572,0.708041958041958,8.520808719738614,0.19001773193148244,3.791635540587508,2009,0.6,0.75
0.8,4580,573,0.6980802792321117,8.698210778482014,0.1880710042648129,3.771232553637623,2009,0.6,0.75
0.4,2304,576,0.7309027777777778,8.556521627124699,0.16971844270464212,4.729055920600076,2010,0.6,0.75
0.5,2880,576,0.7204861111111112,8.431503043800795,0.17817496776629965,4.35089809649521,2010,0.6,0.75
0.6,3456,576,0.7413194444444444,8.198273875418693,0.18132523034107642,4.158825869672025,2010,0.6,0.75
0.7,4032,576,0.734375,8.515434505176026,0.1754658899007637,4.019053694659178,2010,0.6,0.75
0.8,4608,576,0.7395833333333334,8.032018316654653,0.17418868906666385,3.857888700155187,2010,0.6,0.75
0.4,2308,577,0.7746967071057193,8.501723392412677,0.15246692761032377,4.039648476032119,2011,0.6,0.75
0.5,2885,577,0.7123050259965338,8.939443633580002,0.19457011249847403,3.957829995169777,2011,0.6,0.75
0.6,3462,576,0.6909722222222222,8.29198538894271,0.19847666748751736,4.020186222873982,2011,0.6,0.75
0.7,4038,578,0.7439446366782007,8.550042186798544,0.1735647295075139,3.9157029000667376,2011,0.6,0.75
0.8,4616,577,0.7209705372616985,8.202413069279293,0.1899074336137705,3.6902823303382375,2011,0.6,0.75
0.4,2265,566,0.7473498233215548,8.97634502562218,0.16470658315918885,4.034290921414511,2012,0.6,0.75
0.5,2831,566,0.6996466431095406,8.593440960808943,0.18952516483457535,3.9394001907369813,2012,0.6,0.75
0.6,3397,567,0.7548500881834215,8.00670382541895,0.16616474335526246,3.694863966493606,2012,0.6,0.75
0.7,3964,566,0.7491166077738516,8.354671440907484,0.17454056747064992,3.6549575752517947,2012,0.6,0.75
0.8,4530,566,0.7367491166077739,8.012509201767827,0.1788623941351658,3.590276482222736,2012,0.6,0.75
0.4,2306,576,0.7048611111111112,9.304912596147844,0.17947058560287457,3.9692947127905795,2013,0.6,0.75
0.5,2882,577,0.7140381282495667,8.959625427914666,0.18811926416015548,3.4999186894313232,2013,0.6,0.75
0.6,3459,576,0.7326388888888888,8.180396860980576,0.17406706673042482,3.4754082166046034,2013,0.6,0.75
0.7,4035,577,0.7019064124783362,8.701056442199388,0.1861657893362682,3.531317799325268,2013,0.6,0.75
0.8,4612,576,0.7118055555555556,8.438526177733133,0.18000650247669356,3.6750444208666453,2013,0.6,0.75
0.4,2379,595,0.7008403361344537,9.367995095062891,0.18570064280829873,3.6500747352962826,2014,0.6,0.75
0.5,2974,594,0.6885521885521886,8.621133168404473,0.19106846554645368,3.325243218050862,2014,0.6,0.75
0.6,3568,595,0.7075630252100841,8.263195615362276,0.18394772496055783,3.2012823941864013,2014,0.6,0.75
0.7,4163,595,0.7394957983193278,8.233760555885953,0.1790708815275809,3.256351383028146,2014,0.6,0.75
0.8,4758,595,0.7445378151260504,8.428749561709122,0.1796090714252847,3.1484712806810773,2014,0.6,0.75
0.4,2372,594,0.7390572390572391,8.5202335514313,0.17809033887090184,3.6409812825562704,2015,0.6,0.75
0.5,2966,593,0.6998313659359191,8.457201081604335,0.1876394969846248,3.479025705525922,2015,0.6,0.75
0.6,3559,593,0.715008431703204,8.40591087814097,0.18598381073693807,3.200987659214068,2015,0.6,0.75
0.7,4152,593,0.7048903878583473,8.558781670918767,0.1968075534513193,3.388371089438477,2015,0.6,0.75
0.8,4745,593,0.715008431703204,8.320587841729749,0.1785319596274152,3.2643209695222715,2015,0.6,0.75
0.4,2380,595,0.7411764705882353,8.83233496509073,0.17221864438467635,4.109458077075934,2016,0.6,0.75
0.5,2975,595,0.680672268907563,8.99402692062457,0.20658031130562776,3.773767573213342,2016,0.6,0.75
0.6,3570,595,0.7075630252100841,8.414946716093246,0.19130451157372366,3.2635230441254075,2016,0.6,0.75
0.7,4165,595,0.7025210084033613,8.872377917262394,0.1953126921811487,3.33089936587098,2016,0.6,0.75
0.8,4760,595,0.7025210084033613,8.305171887826635,0.17951162086549755,3.445001602274778,2016,0.6,0.75
0.4,2385,597,0.7370184254606366,8.753359176939018,0.176156719261199,3.8502504621420184,2017,0.6,0.75
0.5,2982,596,0.6879194630872483,8.756463709059394,0.19888470465993524,3.5554536653025455,2017,0.6,0.75
0.6,3578,596,0.6946308724832215,8.958159957695358,0.19112024982733392,3.281693478362593,2017,0.6,0.75
0.7,4174,597,0.7202680067001676,8.541833499302854,0.1850694752938524,3.094907563561163,2017,0.6,0.75
0.8,4771,596,0.7080536912751678,8.37062369009228,0.18755833283320053,3.0598707428480942,2017,0.6,0.75
0.4,2387,597,0.7336683417085427,9.374294950387423,0.18063903974649131,3.9637269207063572,2018,0.6,0.75
0.5,2984,596,0.709731543624161,9.04377053748853,0.19133293675570126,3.950020794904834,2018,0.6,0.75
0.6,3580,597,0.7068676716917923,8.605454691006926,0.19218844653919254,3.74311775307382,2018,0.6,0.75
0.7,4177,597,0.695142378559464,9.452896323494313,0.19522038967541588,3.5600966735906407,2018,0.6,0.75
0.8,4774,597,0.7169179229480737,8.692826232549745,0.1887877176379404,3.498937199862399,2018,0.6,0.75
0.4,2419,605,0.7289256198347107,9.352286705877916,0.18219928074970285,3.6115089222150787,2019,0.6,0.75
0.5,3024,605,0.7107438016528925,8.400085063149373,0.18760276456515482,3.2356873761565272,2019,0.6,0.75
0.6,3629,605,0.7090909090909091,9.064765702952934,0.1900288169344693,3.219264337868168,2019,0.6,0.75
0.7,4234,605,0.6975206611570248,8.86170178219969,0.19265524028842992,3.238319518231938,2019,0.6,0.75
0.8,4839,605,0.7223140495867768,8.970756759200347,0.187734687744508,3.2101265656423967,2019,0.6,0.75
0.4,2306,577,0.7487001733102253,10.353177929065303,0.179079714466913,3.9123047195661194,2020,0.6,0.75
0.5,2883,577,0.7192374350086655,9.35688094101419,0.19215222986691233,3.59664094710342,2020,0.6,0.75
0.6,3460,576,0.6944444444444444,8.524803303507813,0.19607333509241634,3.478381714609693,2020,0.6,0.75
0.7,4036,577,0.7175043327556326,8.640982447443072,0.18061681532510995,3.3045726952893695,2020,0.6,0.75
0.8,4613,577,0.7123050259965338,8.392772261244831,0.1873172886610603,3.3598099584016805,2020,0.6,0.75
0.4,2290,573,0.7452006980802792,9.146166805511466,0.16427411250280774,4.8926406320879074,2009,0.6,1.0
0.5,2863,572,0.7062937062937062,9.267931475652919,0.1875919207734253,4.505258222649378,2009,0.6,1.0
0.6,3435,573,0.7102966841186736,8.633443850873485,0.1960232026789677,4.220684782438496,2009,0.6,1.0
0.7,4008,572,0.7097902097902098,8.532933982184336,0.19034965856589023,3.920079022966701,2009,0.6,1.0
0.8,4580,573,0.6928446771378709,8.698766102584493,0.1884551685760294,3.8780919059052503,2009,0.6,1.0
0.4,2304,576,0.7430555555555556,8.607932695078414,0.17088114305289087,4.988662456971198,2010,0.6,1.0
0.5,2880,576,0.71875,8.465424073491704,0.17938330283623255,4.536598753054144,2010,0.6,1.0
0.6,3456,576,0.7395833333333334,8.22241239718111,0.18164569403004524,4.292100353319811,2010,0.6,1.0
0.7,4032,576,0.7326388888888888,8.53357717080869,0.17675724258008454,4.123785310759653,2010,0.6,1.0
0.8,4608,576,0.7413194444444444,8.036367579279986,0.17446584616817024,3.9413765388698274,2010,0.6,1.0
0.4,2308,577,0.7729636048526863,8.52452324433375,0.15376518249702747,4.207541412547475,2011,0.6,1.0
0.5,2885,577,0.7001733102253033,8.958014697348812,0.19469294226793663,4.07972809637728,2011,0.6,1.0
0.6,3462,576,0.6927083333333334,8.280210089324843,0.19722747235796037,4.110528306211936,2011,0.6,1.0
0.7,4038,578,0.7422145328719724,8.568694507234648,0.17489767241335907,3.9905304394936656,2011,0.6,1.0
0.8,4616,577,0.7123050259965338,8.206627481453024,0.1897469038047591,3.750738206333701,2011,0.6,1.0
0.4,2265,566,0.7508833922261484,9.010068390327413,0.16605399199594337,4.151055561440029,2012,0.6,1.0
0.5,2831,566,0.7084805653710248,8.62711226330051,0.18964919346897982,4.0173821672227445,2012,0.6,1.0
0.6,3397,567,0.746031746031746,8.013704136340708,0.16756859159877002,3.7493557661505497,2012,0.6,1.0
0.7,3964,566,0.7508833922261484,8.350385960053444,0.17595671673477378,3.694086093902487,2012,0.6,1.0
0.8,4530,566,0.7314487632508834,8.01314503092483,0.17956079486826182,3.619428240402394,2012,0.6,1.0
0.4,2306,576,0.7135416666666666,9.330357911163071,0.1798512559163194,4.06430485686683,2013,0.6,1.0
0.5,2882,577,0.7244367417677643,8.945916166078804,0.18824403681234209,3.561097827512075,2013,0.6,1.0
0.6,3459,576,0.7361111111111112,8.216566548030519,0.1752311288890717,3.5227134058928944,2013,0.6,1.0
0.7,4035,577,0.7019064124783362,8.683619896652244,0.18612373551460654,3.565731372937072,2013,0.6,1.0
0.8,4612,576,0.703125,8.468171486196546,0.1808595806227478,3.693235149450902,2013,0.6,1.0
0.4,2379,595,0.7008403361344537,9.342418572861664,0.1847434366647744,3.770597649958159,2014,0.6,1.0
0.5,2974,594,0.6885521885521886,8.662355077974405,0.19170232209589344,3.4172393486091357,2014,0.6,1.0
0.6,3568,595,0.704201680672269,8.261102280116257,0.18375300320262491,3.2700832437215697,2014,0.6,1.0
0.7,4163,595,0.7260504201680672,8.259789379812538,0.17986319989396685,3.304720576157906,2014,0.6,1.0
0.8,4758,595,0.7327731092436974,8.451018141513623,0.17995129992174902,3.1850135844973306,2014,0.6,1.0
0.4,2372,594,0.7373737373737373,8.5504455467284,0.17884810921119207,3.7237921860783345,2015,0.6,1.0
0.5,2966,593,0.7032040472175379,8.413300315951846,0.18698864093989997,3.53595352479763,2015,0.6,1.0
0.6,3559,593,0.7133220910623946,8.388016602130097,0.18567704898555443,3.239623138050886,2015,0.6,1.0
0.7,4152,593,0.7099494097807757,8.559238862291947,0.19800243388383357,3.4122881304014037,2015,0.6,1.0
0.8,4745,593,0.718381112984823,8.335522894308264,0.17893275343857556,3.2842740371616137,2015,0.6,1.0
0.4,2380,595,0.7394957983193278,8.884396653401602,0.1733249725499917,4.200248629016259,2016,0.6,1.0
0.5,2975,595,0.680672268907563,8.994858409575595,0.2073237550329974,3.8478815863665687,2016,0.6,1.0
0.6,3570,595,0.7159663865546219,8.427556753420639,0.1912157660922567,3.3140535047117563,2016,0.6,1.0
0.7,4165,595,0.7008403361344537,8.877127892866621,0.19507411902500066,3.364592090395028,2016,0.6,1.0
0.8,4760,595,0.7075630252100841,8.270563365832125,0.17973784385468394,3.4683333624190302,2016,0.6,1.0
0.4,2385,597,0.7252931323283082,8.777425924901255,0.17699264242467083,3.937458895167917,2017,0.6,1.0
0.5,2982,596,0.6812080536912751,8.73533960686301,0.19839771590286462,3.624650233326005,2017,0.6,1.0
0.6,3578,596,0.6895973154362416,8.967303934532556,0.19138297731394596,3.3369004690465394,2017,0.6,1.0
0.7,4174,597,0.7202680067001676,8.543800331030974,0.185362385617126,3.12533340090817,2017,0.6,1.0
0.8,4771,596,0.7030201342281879,8.394498116841872,0.18828170320078025,3.082451679016227,2017,0.6,1.0
0.4,2387,597,0.7303182579564489,9.396975106613178,0.181871638424311,4.04864634415064,2018,0.6,1.0
0.5,2984,596,0.7114093959731543,9.053259468638815,0.19133439767707824,4.012419206373751,2018,0.6,1.0
0.6,3580,597,0.7035175879396985,8.5935616152872,0.19370230524399273,3.7910698544746877,2018,0.6,1.0
0.7,4177,597,0.6917922948073701,9.500914174846145,0.19690313754857744,3.592566970713939,2018,0.6,1.0
0.8,4774,597,0.7202680067001676,8.6885148547635,0.1890111967032274,3.521829239762548,2018,0.6,1.0
0.4,2419,605,0.7338842975206612,9.3336801787142,0.18283605261866537,3.6714394447610057,2019,0.6,1.0
0.5,3024,605,0.715702479338843,8.374493158738167,0.18769716333928224,3.270876252474296,2019,0.6,1.0
0.6,3629,605,0.7090909090909091,9.095052675521941,0.1902644146658338,3.2445752760704325,2019,0.6,1.0
0.7,4234,605,0.7008264462809918,8.882210201029771,0.19352167264661488,3.2521059335886893,2019,0.6,1.0
0.8,4839,605,0.7173553719008264,8.939688093866062,0.18704506285152184,3.2189502467783937,2019,0.6,1.0
0.4,2306,577,0.7435008665511266,10.336217554386627,0.17902338728871248,3.9676042066661634,2020,0.6,1.0
0.5,2883,577,0.708838821490468,9.346147007391833,0.192892871839891,3.6413696945100105,2020,0.6,1.0
0.6,3460,576,0.6944444444444444,8.49063116224312,0.19663825505050328,3.5152653002357126,2020,0.6,1.0
0.7,4036,577,0.7261698440207972,8.629096236871202,0.18089685937754935,3.3364513544628167,2020,0.6,1.0
0.8,4613,577,0.7192374350086655,8.349811469907252,0.18650005108751688,3.3829346580939808,2020,0.6,1.0
0.4,2290,573,0.7347294938917975,9.282298345757988,0.16656207549343705,5.355781468202028,2009,0.6,1.5
0.5,2863,572,0.708041958041958,9.355014969609218,0.19021747383426524,4.857250659946063,2009,0.6,1.5
0.6,3435,573,0.6980802792321117,8.710514179479107,0.19832561909003768,4.483774376039252,2009,0.6,1.5
0.7,4008,572,0.7097902097902098,8.561053621076194,0.19105250846956193,4.123272392951361,2009,0.6,1.5
0.8,4580,573,0.7015706806282722,8.69884595299873,0.1891803823275374,4.046380784234138,2009,0.6,1.5
0.4,2304,576,0.7239583333333334,8.756602160916445,0.17378346349977977,5.4330452878917495,2010,0.6,1.5
0.5,2880,576,0.7065972222222222,8.51327527383964,0.18198310165677173,4.860895132356453,2010,0.6,1.5
0.6,3456,576,0.7361111111111112,8.283614683721641,0.18292741874768403,4.52867138022121,2010,0.6,1.5
0.7,4032,576,0.7222222222222222,8.599705486866348,0.1796131651551216,4.307931722608615,2010,0.6,1.5
0.8,4608,576,0.7465277777777778,8.049603119412216,0.17569819355662833,4.087899126212554,2010,0.6,1.5
0.4,2308,577,0.7625649913344887,8.641126877926581,0.156691681177866,4.526378094437762,2011,0.6,1.5
0.5,2885,577,0.707105719237435,9.004581863071195,0.1954658061367464,4.317325362678621,2011,0.6,1.5
0.6,3462,576,0.6944444444444444,8.270674379155643,0.19586161216585696,4.288927979216097,2011,0.6,1.5
0.7,4038,578,0.7370242214532872,8.607155750095787,0.17755192376318468,4.137630358285862,2011,0.6,1.5
0.8,4616,577,0.7140381282495667,8.242685859805539,0.19028404835166934,3.868778752544609,2011,0.6,1.5
0.4,2265,566,0.7491166077738516,9.116076850406108,0.16923775635863844,4.385241519804375,2012,0.6,1.5
0.5,2831,566,0.6996466431095406,8.704668213258074,0.1907707743412263,4.182997403679164,2012,0.6,1.5
0.6,3397,567,0.7495590828924162,8.066909848523219,0.1707474826446976,3.871101474051639,2012,0.6,1.5
0.7,3964,566,0.7420494699646644,8.404324293956833,0.17902122468308268,3.7825585945702094,2012,0.6,1.5
0.8,4530,566,0.734982332155477,8.043755373350153,0.18117808265791693,3.687090911956849,2012,0.6,1.5
0.4,2306,576,0.7135416666666666,9.41227302855374,0.1816662073683796,4.2547701774842555,2013,0.6,1.5
0.5,2882,577,0.7192374350086655,8.972446010026768,0.18952882656307551,3.6883143795109286,2013,0.6,1.5
0.6,3459,576,0.7395833333333334,8.328587906012118,0.17791261588444807,3.6213747169829107,2013,0.6,1.5
0.7,4035,577,0.7019064124783362,8.676725962584253,0.18683392507302582,3.6399638129364846,2013,0.6,1.5
0.8,4612,576,0.7048611111111112,8.532779347843501,0.18281995010462024,3.7357422826425544,2013,0.6,1.5
0.4,2379,595,0.7008403361344537,9.363834821657415,0.1840868434679701,3.9728582731068305,2014,0.6,1.5
0.5,2974,594,0.6851851851851852,8.755020105447121,0.19357986285179948,3.5686585094344263,2014,0.6,1.5
0.6,3568,595,0.7092436974789916,8.298061215522054,0.18418160282168874,3.3889945850627123,2014,0.6,1.5
0.7,4163,595,0.7176470588235294,8.305469340727946,0.18166319598934233,3.391514870716201,2014,0.6,1.5
0.8,4758,595,0.7260504201680672,8.521230863938964,0.18122597916344793,3.2486331812269067,2014,0.6,1.5
0.4,2372,594,0.7390572390572391,8.651563163928577,0.1812285208098693,3.8673128351860915,2015,0.6,1.5
0.5,2966,593,0.7166947723440135,8.388662135092947,0.18696286377833987,3.637173324578154,2015,0.6,1.5
0.6,3559,593,0.7099494097807757,8.392618976036147,0.1862266871973468,3.311379276576558,2015,0.6,1.5
0.7,4152,593,0.6998313659359191,8.587865854353335,0.20041087471689487,3.4560694919243145,2015,0.6,1.5
0.8,4745,593,0.7065767284991569,8.39012764607758,0.1801544039965708,3.3209628714197197,2015,0.6,1.5
0.4,2380,595,0.7310924369747899,9.004881769889368,0.17568877462258797,4.3435106238785455,2016,0.6,1.5
0.5,2975,595,0.6823529411764706,9.040985921672247,0.20924552888150838,3.965730930462551,2016,0.6,1.5
0.6,3570,595,0.7176470588235294,8.47496455938845,0.1916590992023792,3.396573921934352,2016,0.6,1.5
0.7,4165,595,0.6907563025210084,8.893689360914262,0.1950976466781597,3.4201266038705183,2016,0.6,1.5
0.8,4760,595,0.719327731092437,8.24058204411092,0.18078418287261866,3.5084312074843713,2016,0.6,1.5
0.4,2385,597,0.7269681742043551,8.838782410507406,0.17916393609259948,4.07181768542073,2017,0.6,1.5
0.5,2982,596,0.6761744966442953,8.717597319328982,0.19829732887737356,3.7340541291116294,2017,0.6,1.5
0.6,3578,596,0.6879194630872483,9.003536068457986,0.19243583735807177,3.4222923615525,2017,0.6,1.5
0.7,4174,597,0.7202680067001676,8.586833599909944,0.18647971778964964,3.1734506775085474,2017,0.6,1.5
0.8,4771,596,0.6929530201342282,8.458846368094791,0.19003014154232503,3.1175406027457457,2017,0.6,1.5
0.4,2387,597,0.7319932998324958,9.465368416904878,0.18436715934778997,4.174549108473851,2018,0.6,1.5
0.5,2984,596,0.7130872483221476,9.096050146272088,0.1919884195987803,4.110233484693385,2018,0.6,1.5
0.6,3580,597,0.6934673366834171,8.625257628469306,0.19670935387077715,3.867634189882868,2018,0.6,1.5
0.7,4177,597,0.678391959798995,9.600822913143134,0.20033922413414468,3.645047692206417,2018,0.6,1.5
0.8,4774,597,0.711892797319933,8.711587950863889,0.19011833765697916,3.560167023089536,2018,0.6,1.5
0.4,2419,605,0.7173553719008264,9.359663237137461,0.18452382402168974,3.7718013887832367,2019,0.6,1.5
0.5,3024,605,0.7008264462809918,8.403835935814913,0.1889342507096878,3.3287459625357707,2019,0.6,1.5
0.6,3629,605,0.6892561983471074,9.158714802056688,0.19169257271319515,3.286935164162188,2019,0.6,1.5
0.7,4234,605,0.6892561983471074,8.940299882513077,0.1957413606452366,3.2767846217898002,2019,0.6,1.5
0.8,4839,605,0.7256198347107438,8.9038856358284,0.18669205073577436,3.2340725368893,2019,0.6,1.5
0.4,2306,577,0.7400346620450606,10.314306549313878,0.17953569905418326,4.046184481139346,2020,0.6,1.5
0.5,2883,577,0.707105719237435,9.383530454490105,0.1947317195351255,3.7045304119254965,2020,0.6,1.5
0.6,3460,576,0.7013888888888888,8.471376230399372,0.19802712896084362,3.5678564740058967,2020,0.6,1.5
0.7,4036,577,0.7279029462738301,8.628233526941846,0.18201350641816613,3.382975102767424,2020,0.6,1.5
0.8,4613,577,0.7140381282495667,8.302074202591225,0.1855727102609782,3.4174150130495615,2020,0.6,1.5
0.4,2290,573,0.7469458987783595,9.091875302717911,0.163534508229598,4.4116764196683995,2009,0.4,0.5
0.5,2863,572,0.7132867132867133,9.206672817558806,0.18552198843794798,4.127538436347943,2009,0.4,0.5
0.6,3435,573,0.6980802792321117,8.606141493125154,0.19431086612257287,3.9332940470230096,2009,0.4,0.5
0.7,4008,572,0.7132867132867133,8.532604796690173,0.19003460088666635,3.686676446561879,2009,0.4,0.5
0.8,4580,573,0.7033158813263525,8.69373482140613,0.18749837594112245,3.6865279320927047,2009,0.4,0.5
0.4,2304,576,0.7361111111111112,8.550838778107087,0.16916348267528175,4.594913580577716,2010,0.4,0.5
0.5,2880,576,0.7291666666666666,8.418598007837797,0.1774880350260378,4.25028648352358,2010,0.4,0.5
0.6,3456,576,0.7378472222222222,8.208381212915608,0.18132181143759685,4.079492586854998,2010,0.4,0.5
0.7,4032,576,0.7413194444444444,8.547728089410988,0.17490567587369757,3.9510329170213057,2010,0.4,0.5
0.8,4608,576,0.7430555555555556,8.028297780388987,0.17425700093628482,3.7865757758926444,2010,0.4,0.5
0.4,2308,577,0.7729636048526863,8.49683328183366,0.15138557727388388,3.9628634080554463,2011,0.4,0.5
0.5,2885,577,0.7157712305025996,8.953040376112511,0.19524214697321468,3.9110814529491824,2011,0.4,0.5
0.6,3462,576,0.6875,8.336929881374111,0.2002326659168642,3.9976532297955347,2011,0.4,0.5
0.7,4038,578,0.745674740484429,8.559580276275124,0.17328414693486915,3.8945657331113033,2011,0.4,0.5
0.8,4616,577,0.708838821490468,8.206691591746901,0.19005543460393906,3.6447128803283393,2011,0.4,0.5
0.4,2265,566,0.7473498233215548,9.008637807704561,0.16446508326712947,3.9920971760017707,2012,0.4,0.5
0.5,2831,566,0.696113074204947,8.623843510173344,0.19017191391841676,3.921352056203517,2012,0.4,0.5
0.6,3397,567,0.7619047619047619,8.024653393166858,0.16537114940929998,3.6702093813514853,2012,0.4,0.5
0.7,3964,566,0.7491166077738516,8.376257491561923,0.1734285828341381,3.635153328377559,2012,0.4,0.5
0.8,4530,566,0.7385159010600707,7.992726435456372,0.1775878905103948,3.572667176540045,2012,0.4,0.5
0.4,2306,576,0.7048611111111112,9.308108255791154,0.17992249845652306,3.914566794734555,2013,0.4,0.5
0.5,2882,577,0.7123050259965338,9.022121894595953,0.18907545260599987,3.4483872278371903,2013,0.4,0.5
0.6,3459,576,0.7309027777777778,8.186136788523097,0.1734661285679221,3.448653122692459,2013,0.4,0.5
0.7,4035,577,0.6967071057192374,8.751478545382472,0.1866070055635527,3.52609388083084,2013,0.4,0.5
0.8,4612,576,0.7222222222222222,8.43134877193119,0.17934173910364834,3.698448233875144,2013,0.4,0.5
0.4,2379,595,0.7109243697478992,9.423713834388034,0.1870931041618738,3.589663733584044,2014,0.4,0.5
0.5,2974,594,0.6801346801346801,8.600935677052252,0.19102952846947785,3.275653044333142,2014,0.4,0.5
0.6,3568,595,0.7109243697478992,8.294230794149602,0.18448222204990125,3.1663157114207006,2014,0.4,0.5
0.7,4163,595,0.7411764705882353,8.21439521926924,0.17838227647955382,3.2484763075760985,2014,0.4,0.5
0.8,4758,595,0.7512605042016807,8.441536815565932,0.17928888254051953,3.1327161831907935,2014,0.4,0.5
0.4,2372,594,0.7373737373737373,8.516086155550045,0.17824099796779158,3.606871452737448,2015,0.4,0.5
0.5,2966,593,0.7048903878583473,8.524320361049078,0.18890418595779723,3.4543013501963293,2015,0.4,0.5
0.6,3559,593,0.7032040472175379,8.459410273472972,0.18744035026461595,3.1744427539277202,2015,0.4,0.5
0.7,4152,593,0.6998313659359191,8.594004863479231,0.19713778145303942,3.3955431050679312,2015,0.4,0.5
0.8,4745,593,0.7133220910623946,8.28593825331051,0.17774378957424308,3.2568652654413417,2015,0.4,0.5
0.4,2380,595,0.7411764705882353,8.854625332164908,0.17228896292280677,4.067486909498689,2016,0.4,0.5
0.5,2975,595,0.6773109243697479,9.015645571124525,0.20640328526234722,3.720959377621445,2016,0.4,0.5
0.6,3570,595,0.7092436974789916,8.441596187322276,0.19217090557412467,3.1940561903510973,2016,0.4,0.5
0.7,4165,595,0.692436974789916,8.89408463343071,0.19643621176746773,3.2962396344675726,2016,0.4,0.5
0.8,4760,595,0.7126050420168067,8.337183656769696,0.1793067157220744,3.435024632792463,2016,0.4,0.5
0.4,2385,597,0.7386934673366834,8.772252236172205,0.17603880192769836,3.8141867430766245,2017,0.4,0.5
0.5,2982,596,0.6879194630872483,8.813006102625405,0.19986823390459682,3.5171643017625214,2017,0.4,0.5
0.6,3578,596,0.6963087248322147,8.978612979744314,0.19163395474460374,3.2408663178468213,2017,0.4,0.5
0.7,4174,597,0.7236180904522613,8.571946334943972,0.18522633664065874,3.072264847986766,2017,0.4,0.5
0.8,4771,596,0.709731543624161,8.370761147207652,0.18742854534488063,3.042257114932233,2017,0.4,0.5
0.4,2387,597,0.7303182579564489,9.383502735402635,0.17988131485917438,3.920703652211254,2018,0.4,0.5
0.5,2984,596,0.7080536912751678,9.058661134992777,0.1916526168194356,3.9364097481422706,2018,0.4,0.5
0.6,3580,597,0.7085427135678392,8.626088768775265,0.19163430384329028,3.7259332726752685,2018,0.4,0.5
0.7,4177,597,0.7085427135678392,9.427863367994494,0.19468003570719986,3.546430465604863,2018,0.4,0.5
0.8,4774,597,0.7085427135678392,8.742436505187097,0.18935269975147304,3.4869288634244775,2018,0.4,0.5
0.4,2419,605,0.7256198347107438,9.429475255528375,0.1821886895952758,3.6051808732125377,2019,0.4,0.5
0.5,3024,605,0.7074380165289256,8.442105594321688,0.18811034869868518,3.2156243141013374,2019,0.4,0.5
0.6,3629,605,0.7041322314049587,9.042275220303523,0.19006267845736305,3.219252955036104,2019,0.4,0.5
0.7,4234,605,0.7041322314049587,8.879081121095725,0.1924533400034041,3.251960539366607,2019,0.4,0.5
0.8,4839,605,0.7107438016528925,9.021039134672675,0.1888883243521762,3.2233738553691937,2019,0.4,0.5
0.4,2306,577,0.7487001733102253,10.37810951553142,0.1799064567842742,3.9128580871257976,2020,0.4,0.5
0.5,2883,577,0.7261698440207972,9.385069114852481,0.19174413696717105,3.586707169687399,2020,0.4,0.5
0.6,3460,576,0.6961805555555556,8.583685775793716,0.19572612153852267,3.4686684903797347,2020,0.4,0.5
0.7,4036,577,0.7192374350086655,8.693975921241403,0.18098480047369153,3.28399298507906,2020,0.4,0.5
0.8,4613,577,0.7105719237435009,8.44301086893478,0.18795786498475517,3.3561929739869525,2020,0.4,0.5
0.4,2290,573,0.7504363001745201,9.140364304875972,0.16402044520577888,4.782623091732852,2009,0.4,0.75
0.5,2863,572,0.7045454545454546,9.258133423218222,0.18697761734252202,4.405262429452876,2009,0.4,0.75
0.6,3435,573,0.699825479930192,8.63747378340262,0.1955935530957575,4.1379699145558195,2009,0.4,0.75
0.7,4008,572,0.7097902097902098,8.552298362751927,0.19035079882171987,3.8439923478609246,2009,0.4,0.75
0.8,4580,573,0.7068062827225131,8.69623020834457,0.18795121313999885,3.8144875487328984,2009,0.4,0.75
0.4,2304,576,0.7413194444444444,8.579487501469691,0.1700059144087097,4.933051205012221,2010,0.4,0.75
0.5,2880,576,0.7274305555555556,8.459843469887293,0.1787060280398264,4.484395503771904,2010,0.4,0.75
0.6,3456,576,0.7395833333333334,8.22973351470653,0.18141970855343267,4.242063082404194,2010,0.4,0.75
0.7,4032,576,0.7326388888888888,8.557401560920873,0.17625374551181996,4.076991217156346,2010,0.4,0.75
0.8,4608,576,0.7395833333333334,8.02632822857166,0.1742920493910392,3.884474022444154,2010,0.4,0.75
0.4,2308,577,0.7694974003466204,8.501164906477443,0.152654734071928,4.178711066287484,2011,0.4,0.75
0.5,2885,577,0.7053726169844021,8.972655988347238,0.19501300238421362,4.063498582548803,2011,0.4,0.75
0.6,3462,576,0.6875,8.310227203859657,0.19827941565118187,4.108086466021692,2011,0.4,0.75
0.7,4038,578,0.745674740484429,8.581372573239381,0.17476669784820786,3.984906129465944,2011,0.4,0.75
0.8,4616,577,0.7123050259965338,8.195709711365243,0.18950203513061367,3.7162462139092085,2011,0.4,0.75
0.4,2265,566,0.7561837455830389,9.008979744286226,0.16564986467979861,4.143832588228553,2012,0.4,0.75
0.5,2831,566,0.6996466431095406,8.635489943707057,0.18986294159913156,4.018198865167224,2012,0.4,0.75
0.6,3397,567,0.7495590828924162,8.016533214467794,0.16678453054010356,3.7348362847728156,2012,0.4,0.75
0.7,3964,566,0.7455830388692579,8.356656605779547,0.17502887953057328,3.681371842769096,2012,0.4,0.75
0.8,4530,566,0.7385159010600707,7.983042536391423,0.17840331696333275,3.605798587646241,2012,0.4,0.75
0.4,2306,576,0.7083333333333334,9.330368617225009,0.17985930263942582,4.041438094313379,2013,0.4,0.75
0.5,2882,577,0.7175043327556326,8.98467738405814,0.1885414078088728,3.527139233700306,2013,0.4,0.75
0.6,3459,576,0.7361111111111112,8.205059610040617,0.17451576221233372,3.507265654149571,2013,0.4,0.75
0.7,4035,577,0.6932409012131716,8.715676949762084,0.18621723267197793,3.567620957346796,2013,0.4,0.75
0.8,4612,576,0.7048611111111112,8.459136501844121,0.18027251218682697,3.7183402746337855,2013,0.4,0.75
0.4,2379,595,0.7008403361344537,9.350537307451896,0.18542292336130117,3.7611944339537042,2014,0.4,0.75
0.5,2974,594,0.6868686868686869,8.640944878730227,0.19144411734361425,3.4025541620420303,2014,0.4,0.75
0.6,3568,595,0.7075630252100841,8.267098118121451,0.1838564228864122,3.2563899070717395,2014,0.4,0.75
0.7,4163,595,0.7361344537815127,8.241485446781109,0.17917616479967416,3.308405939477245,2014,0.4,0.75
0.8,4758,595,0.7428571428571429,8.459843894292549,0.17946207467251774,3.1768722737857646,2014,0.4,0.75
0.4,2372,594,0.734006734006734,8.518468922443613,0.17841092147485663,3.7241897785632716,2015,0.4,0.75
0.5,2966,593,0.7082630691399663,8.440174617244288,0.1875004778524738,3.531617211542503,2015,0.4,0.75
0.6,3559,593,0.7065767284991569,8.425597792385604,0.18652139521725497,3.224070182836467,2015,0.4,0.75
0.7,4152,593,0.7032040472175379,8.584171673217353,0.19849508034554836,3.4262955146952105,2015,0.4,0.75
0.8,4745,593,0.7116357504215851,8.30098869018713,0.1780803576688867,3.281537315544149,2015,0.4,0.75
0.4,2380,595,0.7327731092436974,8.888121094969444,0.17329362894810896,4.199779023328299,2016,0.4,0.75
0.5,2975,595,0.6722689075630253,9.007085858451926,0.20697940125864459,3.823887634896817,2016,0.4,0.75
0.6,3570,595,0.7159663865546219,8.441711158677576,0.19168616267884483,3.2613730552968923,2016,0.4,0.75
0.7,4165,595,0.6991596638655462,8.893684092020859,0.19591019346138858,3.339881484017453,2016,0.4,0.75
0.8,4760,595,0.7109243697478992,8.283389212575596,0.17933780101672434,3.463446428300819,2016,0.4,0.75
0.4,2385,597,0.7319932998324958,8.773851429701088,0.17657909547808065,3.9482148332748963,2017,0.4,0.75
0.5,2982,596,0.6862416107382551,8.764380149206668,0.19887353350360507,3.6176227833296295,2017,0.4,0.75
0.6,3578,596,0.6828859060402684,8.985018189629782,0.1916771169381057,3.317719899013501,2017,0.4,0.75
0.7,4174,597,0.7169179229480737,8.561978920866617,0.18528331294470218,3.1111707233974664,2017,0.4,0.75
0.8,4771,596,0.7063758389261745,8.395790129595085,0.1881942657691176,3.0704572516710424,2017,0.4,0.75
0.4,2387,597,0.7319932998324958,9.385910454882065,0.18099811842532837,4.058478826298567,2018,0.4,0.75
0.5,2984,596,0.7063758389261745,9.04938953682452,0.19134419169422293,4.027975758190726,2018,0.4,0.75
0.6,3580,597,0.7035175879396985,8.590966053576658,0.19322332046670876,3.792694650444365,2018,0.4,0.75
0.7,4177,597,0.695142378559464,9.487573129073928,0.19654233163987447,3.5892206383772023,2018,0.4,0.75
0.8,4774,597,0.7068676716917923,8.727022120664044,0.18925690197203565,3.51550351279431,2018,0.4,0.75
0.4,2419,605,0.7338842975206612,9.367815206860707,0.1825548681942065,3.709854290644986,2019,0.4,0.75
0.5,3024,605,0.7140495867768595,8.387457602277223,0.18765703728536312,3.2762503087110932,2019,0.4,0.75
0.6,3629,605,0.7090909090909091,9.06712699534533,0.1899205425325849,3.260482626904731,2019,0.4,0.75
0.7,4234,605,0.7057851239669422,8.890263128427561,0.19319306312537543,3.2737733255995174,2019,0.4,0.75
0.8,4839,605,0.7140495867768595,8.96872622020517,0.18771402296917877,3.2371785115424068,2019,0.4,0.75
0.4,2306,577,0.7469670710571924,10.34581003570195,0.1793185049334877,4.004093043180772,2020,0.4,0.75
0.5,2883,577,0.7157712305025996,9.361429432843199,0.1921886320688391,3.6567803563033183,2020,0.4,0.75
0.6,3460,576,0.6927083333333334,8.532806695172015,0.19608008417930745,3.5230535627580264,2020,0.4,0.75
0.7,4036,577,0.7227036395147314,8.661169392737913,0.18101632929582298,3.3288374354981407,2020,0.4,0.75
0.8,4613,577,0.7157712305025996,8.382406230490771,0.1867928065220637,3.3870099985812687,2020,0.4,0.75
0.4,2290,573,0.7399650959860384,9.208138778083523,0.16504982575702135,5.088656394593123,2009,0.4,1.0
0.5,2863,572,0.7097902097902098,9.309034756514784,0.18845022988807744,4.633547676294066,2009,0.4,1.0
0.6,3435,573,0.699825479930192,8.679827135859025,0.1969166285357061,4.304755108496861,2009,0.4,1.0
0.7,4008,572,0.7097902097902098,8.567241723829063,0.19073604499579191,3.969330432308188,2009,0.4,1.0
0.8,4580,573,0.7085514834205934,8.698361471864876,0.18843334171970444,3.915746821497893,2009,0.4,1.0
0.4,2304,576,0.7378472222222222,8.653583854254514,0.17145653296603364,5.225744893710444,2010,0.4,1.0
0.5,2880,576,0.71875,8.48682081972772,0.18013345516265483,4.6911724856904,2010,0.4,1.0
0.6,3456,576,0.7413194444444444,8.257508488195354,0.18194151238405343,4.387733122929559,2010,0.4,1.0
0.7,4032,576,0.7309027777777778,8.588403786902878,0.1778521585914942,4.188091275268674,2010,0.4,1.0
0.8,4608,576,0.7413194444444444,8.03504472123129,0.17477783483592021,3.970053514362693,2010,0.4,1.0
0.4,2308,577,0.7660311958405546,8.546931193799708,0.15425387285533568,4.383819869052094,2011,0.4,1.0
0.5,2885,577,0.6967071057192374,8.995407829319456,0.1951870503877862,4.21218221283586,2011,0.4,1.0
0.6,3462,576,0.6875,8.29610877231817,0.1970333295888709,4.217318240573527,2011,0.4,1.0
0.7,4038,578,0.7439446366782007,8.605973601587165,0.1763328246770601,4.073832170035343,2011,0.4,1.0
0.8,4616,577,0.7140381282495667,8.208286302624112,0.18953510809856117,3.7857573883759716,2011,0.4,1.0
0.4,2265,566,0.7526501766784452,9.059114249515263,0.16736008787057002,4.295291423324294,2012,0.4,1.0
0.5,2831,566,0.7031802120141343,8.672188281640317,0.19018292645906162,4.120741927369432,2012,0.4,1.0
0.6,3397,567,0.7442680776014109,8.039398016832836,0.16854955219643142,3.806605514298628,2012,0.4,1.0
0.7,3964,566,0.7491166077738516,8.37199520384363,0.17682733554163568,3.7324068044262844,2012,0.4,1.0
0.8,4530,566,0.7385159010600707,7.9924508733090605,0.1793878540010248,3.6432990838348593,2012,0.4,1.0
0.4,2306,576,0.7170138888888888,9.363352187648472,0.18058478808136083,4.163333962410188,2013,0.4,1.0
0.5,2882,577,0.7192374350086655,8.974411880267098,0.18883213731515686,3.6048497147084966,2013,0.4,1.0
0.6,3459,576,0.7395833333333334,8.254429321998929,0.17589765703049448,3.5662462304341624,2013,0.4,1.0
0.7,4035,577,0.6984402079722704,8.694914819330071,0.18634886751822283,3.6105638847631587,2013,0.4,1.0
0.8,4612,576,0.7065972222222222,8.494224029531422,0.18139422571231106,3.740003495101712,2013,0.4,1.0
0.4,2379,595,0.7008403361344537,9.344908133890259,0.1846264459940403,3.9019163155042023,2014,0.4,1.0
0.5,2974,594,0.6835016835016835,8.692896869134822,0.19238420254137095,3.5048597315587484,2014,0.4,1.0
0.6,3568,595,0.7109243697478992,8.273272677520128,0.1837835041858372,3.3329825240204274,2014,0.4,1.0
0.7,4163,595,0.7310924369747899,8.266020338830668,0.18014296703115198,3.3608269136611066,2014,0.4,1.0
0.8,4758,595,0.7378151260504202,8.492545893646842,0.1800488542396133,3.2139865535430916,2014,0.4,1.0
0.4,2372,594,0.7390572390572391,8.56166621605757,0.1794284208097918,3.821255421887767,2015,0.4,1.0
0.5,2966,593,0.715008431703204,8.407996357805299,0.18693701600208984,3.596780611432714,2015,0.4,1.0
0.6,3559,593,0.7099494097807757,8.413535953075183,0.18638332554554565,3.2678316127859985,2015,0.4,1.0
0.7,4152,593,0.7032040472175379,8.598163831463145,0.1999116486893974,3.4522816025270924,2015,0.4,1.0
0.8,4745,593,0.7116357504215851,8.333452802816227,0.17870286888985662,3.3025684956243317,2015,0.4,1.0
0.4,2380,595,0.7344537815126051,8.950722141129251,0.17456244189815298,4.301185005309991,2016,0.4,1.0
0.5,2975,595,0.6840336134453782,9.01267964371378,0.20791318674432954,3.9039662552656864,2016,0.4,1.0
0.6,3570,595,0.7109243697478992,8.457465550383482,0.1916833447296783,3.314812205386372,2016,0.4,1.0
0.7,4165,595,0.6991596638655462,8.903009124919379,0.19571586675552868,3.374134955409187,2016,0.4,1.0
0.8,4760,595,0.7109243697478992,8.24995563008741,0.1797930370147611,3.4865158679531243,2016,0.4,1.0
0.4,2385,597,0.7269681742043551,8.803632570460035,0.177628240504692,4.045201577386448,2017,0.4,1.0
0.5,2982,596,0.6828859060402684,8.739648301080656,0.1984666286204337,3.6940336052722835,2017,0.4,1.0
0.6,3578,596,0.6828859060402684,8.997932917912205,0.1921202368193784,3.3755981172328116,2017,0.4,1.0
0.7,4174,597,0.7152428810720268,8.577840571557001,0.18573913750455204,3.139994645260395,2017,0.4,1.0
0.8,4771,596,0.7030201342281879,8.424842248868591,0.18917452312522937,3.090742204704832,2017,0.4,1.0
0.4,2387,597,0.7303182579564489,9.416511608676222,0.18243348831587053,4.152496435899289,2018,0.4,1.0
0.5,2984,596,0.714765100671141,9.070156502856054,0.19155629238504832,4.095277634728743,2018,0.4,1.0
0.6,3580,597,0.6968174204355109,8.596941377191957,0.19495003340544326,3.8438930706659007,2018,0.4,1.0
0.7,4177,597,0.6901172529313233,9.544597626152076,0.19858326141800212,3.6220817923590123,2018,0.4,1.0
0.8,4774,597,0.7102177554438861,8.727302421272645,0.1896654886214684,3.538057329366932,2018,0.4,1.0
0.4,2419,605,0.7322314049586777,9.36353867466173,0.18334695244684204,3.7814360009446037,2019,0.4,1.0
0.5,3024,605,0.7107438016528925,8.37634640360758,0.18798865264108855,3.3167677336763624,2019,0.4,1.0
0.6,3629,605,0.7024793388429752,9.102672578803821,0.1904490890757462,3.2899065949563453,2019,0.4,1.0
0.7,4234,605,0.7041322314049587,8.918006016109096,0.19432697833160054,3.28932588557304,2019,0.4,1.0
0.8,4839,605,0.715702479338843,8.939108760846528,0.18713913442842772,3.246430137373286,2019,0.4,1.0
0.4,2306,577,0.7383015597920277,10.327104477867751,0.1793223010325828,4.060852987847811,2020,0.4,1.0
0.5,2883,577,0.7157712305025996,9.360856751512864,0.19306009689359807,3.700445734358142,2020,0.4,1.0
0.6,3460,576,0.6944444444444444,8.493397495280828,0.19675336500526702,3.5586448514004503,2020,0.4,1.0
0.7,4036,577,0.7244367417677643,8.65314103295644,0.18145240714626043,3.359472457842883,2020,0.4,1.0
0.8,4613,577,0.7105719237435009,8.340358649313462,0.18603270158092852,3.4086643526430755,2020,0.4,1.0
0.4,2290,573,0.7347294938917975,9.37216084665615,0.16776994291467706,5.568003307148675,2009,0.4,1.5
0.5,2863,572,0.708041958041958,9.399276480891295,0.191219199039081,4.989919693448988,2009,0.4,1.5
0.6,3435,573,0.68760907504363,8.766314463046513,0.1994207416605563,4.5614060574667965,2009,0.4,1.5
0.7,4008,572,0.708041958041958,8.594360099720046,0.19151402703573825,4.157161239628804,2009,0.4,1.5
0.8,4580,573,0.7015706806282722,8.705645134437463,0.18927179603098265,4.066447389376447,2009,0.4,1.5
0.4,2304,576,0.7274305555555556,8.832722062655202,0.1748932900538189,5.714961004065167,2010,0.4,1.5
0.5,2880,576,0.7048611111111112,8.552831690269139,0.18312680345367133,5.040118515392957,2010,0.4,1.5
0.6,3456,576,0.7378472222222222,8.328778472349486,0.18361735582760721,4.635062067811654,2010,0.4,1.5
0.7,4032,576,0.71875,8.663820708154502,0.18112303207499827,4.372602995432469,2010,0.4,1.5
0.8,4608,576,0.7447916666666666,8.06737370786125,0.1764973223706028,4.111369056507942,2010,0.4,1.5
0.4,2308,577,0.75736568457539,8.69881853245576,0.15776664740472612,4.763561940316426,2011,0.4,1.5
0.5,2885,577,0.7001733102253033,9.046494237525959,0.1960765169464435,4.491786811712031,2011,0.4,1.5
0.6,3462,576,0.7013888888888888,8.293147874751737,0.1958181001721661,4.422778046132673,2011,0.4,1.5
0.7,4038,578,0.7283737024221453,8.652050834253922,0.1793253175610889,4.238849901645075,2011,0.4,1.5
0.8,4616,577,0.7123050259965338,8.260293759363902,0.19052287241684457,3.9132889250027123,2011,0.4,1.5
0.4,2265,566,0.7438162544169611,9.19714620508775,0.17108713889881455,4.591746641431662,2012,0.4,1.5
0.5,2831,566,0.6925795053003534,8.762579687602063,0.19160965478723527,4.331074263073067,2012,0.4,1.5
0.6,3397,567,0.7442680776014109,8.119456807893476,0.17229565143531309,3.9597718808661715,2012,0.4,1.5
0.7,3964,566,0.734982332155477,8.453577773028684,0.1804387500058563,3.8417131920705883,2012,0.4,1.5
0.8,4530,566,0.7385159010600707,8.041415315360432,0.1814827507402641,3.7248436868535304,2012,0.4,1.5
0.4,2306,576,0.7118055555555556,9.462872585580682,0.1829799285110908,4.414323910739778,2013,0.4,1.5
0.5,2882,577,0.7123050259965338,9.019439369107767,0.19044322411130954,3.771290103244074,2013,0.4,1.5
0.6,3459,576,0.7291666666666666,8.387478656346996,0.17901200213776194,3.6919434947080445,2013,0.4,1.5
0.7,4035,577,0.7001733102253033,8.691401523150123,0.1874040860516686,3.7045933466327665,2013,0.4,1.5
0.8,4612,576,0.7048611111111112,8.57995319452936,0.18387528051877552,3.7926460207688835,2013,0.4,1.5
0.4,2379,595,0.7025210084033613,9.392977752182949,0.1843523364806002,4.149770190353094,2014,0.4,1.5
0.5,2974,594,0.6851851851851852,8.798408841335878,0.19473090973683288,3.6821046470212764,2014,0.4,1.5
0.6,3568,595,0.7092436974789916,8.32024523179359,0.18455491243666186,3.472183890061901,2014,0.4,1.5
0.7,4163,595,0.7159663865546219,8.315992538956616,0.18230112848355265,3.4606933239905837,2014,0.4,1.5
0.8,4758,595,0.7226890756302521,8.576505449496402,0.18186378596202413,3.2829102979538107,2014,0.4,1.5
0.4,2372,594,0.7289562289562289,8.6945578062832,0.18220586658827623,4.002700707520254,2015,0.4,1.5
0.5,2966,593,0.715008431703204,8.391142711281578,0.18723616664641032,3.7224120620159855,2015,0.4,1.5
0.6,3559,593,0.7082630691399663,8.439807373052723,0.18730489625655092,3.3557350277709475,2015,0.4,1.5
0.7,4152,593,0.6897133220910624,8.64264096645227,0.20262049453345696,3.5045835663363394,2015,0.4,1.5
0.8,4745,593,0.7133220910623946,8.408795763393417,0.18038450456259592,3.3453569221164305,2015,0.4,1.5
0.4,2380,595,0.7243697478991596,9.076438525488665,0.1771659253732958,4.478995328008177,2016,0.4,1.5
0.5,2975,595,0.6823529411764706,9.076570146977739,0.21023683820489872,4.042532930334885,2016,0.4,1.5
0.6,3570,595,0.7226890756302521,8.509668430639312,0.19224839667856775,3.4094853675176773,2016,0.4,1.5
0.7,4165,595,0.6974789915966386,8.917686138602802,0.19589736827641946,3.436350418189374,2016,0.4,1.5
0.8,4760,595,0.7226890756302521,8.24008227701886,0.1812815050124164,3.5310687422741522,2016,0.4,1.5
0.4,2385,597,0.7152428810720268,8.887602209436675,0.1800423507031636,4.212932080802239,2017,0.4,1.5
0.5,2982,596,0.6761744966442953,8.72819823722455,0.19856550786425425,3.8261115997213446,2017,0.4,1.5
0.6,3578,596,0.6812080536912751,9.05148328777234,0.19347461234985042,3.4727102630398603,2017,0.4,1.5
0.7,4174,597,0.7219430485762144,8.626521120363632,0.1871660223997949,3.191851894238054,2017,0.4,1.5
0.8,4771,596,0.6895973154362416,8.509096132020481,0.19143829401697596,3.1273278381730116,2017,0.4,1.5
0.4,2387,597,0.7303182579564489,9.504858475885268,0.18511874339204504,4.3060650915003365,2018,0.4,1.5
0.5,2984,596,0.7013422818791947,9.127942622649172,0.19254332188848697,4.210392591118881,2018,0.4,1.5
0.6,3580,597,0.6934673366834171,8.650799014531286,0.19824472429407217,3.9316095164645177,2018,0.4,1.5
0.7,4177,597,0.6800670016750419,9.67578400097389,0.2025265951673794,3.679260545720883,2018,0.4,1.5
0.8,4774,597,0.7035175879396985,8.75382034098327,0.19112466498967418,3.579448231021309,2018,0.4,1.5
0.4,2419,605,0.71900826446281,9.397301276504876,0.18525505764858413,3.9110338107759213,2019,0.4,1.5
0.5,3024,605,0.7024793388429752,8.435679602919569,0.1897054781835246,3.391786998856354,2019,0.4,1.5
0.6,3629,605,0.6991735537190082,9.18939081729641,0.19239689094356807,3.34513371781807,2019,0.4,1.5
0.7,4234,605,0.6991735537190082,8.993251662915608,0.19705829885615395,3.322452775147015,2019,0.4,1.5
0.8,4839,605,0.71900826446281,8.905963956859296,0.1871676440629934,3.266846427704687,2019,0.4,1.5
0.4,2306,577,0.7365684575389948,10.311603570403399,0.17992757838626677,4.15227775309586,2020,0.4,1.5
0.5,2883,577,0.7053726169844021,9.404725800900591,0.1950821482680446,3.7706918768702753,2020,0.4,1.5
0.6,3460,576,0.6996527777777778,8.487578726869717,0.19830337748387328,3.6155134219673766,2020,0.4,1.5
0.7,4036,577,0.7244367417677643,8.661536293071752,0.1828635017405049,3.408950529034623,2020,0.4,1.5
0.8,4613,577,0.7036395147313691,8.300076947416462,0.18531838438096632,3.4449740764147454,2020,0.4,1.5
0.4,2290,573,0.7521815008726004,9.180309577262923,0.16439135020469056,4.689704104749204,2009,0.25,0.5
0.5,2863,572,0.7132867132867133,9.286005279301957,0.1869329700106569,4.307813354848202,2009,0.25,0.5
0.6,3435,573,0.6928446771378709,8.672881853944718,0.1956657748432495,4.052977729106541,2009,0.25,0.5
0.7,4008,572,0.7167832167832168,8.604565967833434,0.19080411980299194,3.7631043763221212,2009,0.25,0.5
0.8,4580,573,0.7207678883071553,8.701250215782986,0.18752504764467146,3.7434770269121933,2009,0.25,0.5
0.4,2304,576,0.7378472222222222,8.56716330553413,0.1694412599538777,4.929441056536383,2010,0.25,0.5
0.5,2880,576,0.7274305555555556,8.466133863287395,0.17837680985067442,4.4651003149975095,2010,0.25,0.5
0.6,3456,576,0.734375,8.280803878847053,0.18171840351136595,4.205560027203466,2010,0.25,0.5
0.7,4032,576,0.7309027777777778,8.622676948072002,0.176375877661094,4.031674877286778,2010,0.25,0.5
0.8,4608,576,0.7413194444444444,8.038341321646842,0.1745979971161059,3.8087318451311747,2010,0.25,0.5
0.4,2308,577,0.7729636048526863,8.499563270904904,0.15156118001726296,4.194912424963564,2011,0.25,0.5
0.5,2885,577,0.7019064124783362,9.01749429575929,0.1961607283913888,4.089613742058823,2011,0.25,0.5
0.6,3462,576,0.6892361111111112,8.375662981051441,0.20027756537196273,4.141462653728807,2011,0.25,0.5
0.7,4038,578,0.7370242214532872,8.632696543536358,0.1755220463668623,4.004617620136857,2011,0.25,0.5
0.8,4616,577,0.7105719237435009,8.20841390058864,0.18970466498402416,3.672938509331499,2011,0.25,0.5
0.4,2265,566,0.7491166077738516,9.045606641072592,0.16581179344247043,4.183272633183412,2012,0.25,0.5
0.5,2831,566,0.6908127208480566,8.695949687073172,0.19104065906382892,4.058157052057736,2012,0.25,0.5
0.6,3397,567,0.7513227513227513,8.051360590681428,0.16630466562943502,3.7351265573102617,2012,0.25,0.5
0.7,3964,566,0.7438162544169611,8.398613321209837,0.17439522396012175,3.676173854394802,2012,0.25,0.5
0.8,4530,566,0.7491166077738516,7.957938074751747,0.1771540625305918,3.594449857093449,2012,0.25,0.5
0.4,2306,576,0.7083333333333334,9.346790746452525,0.18040977772769284,4.0503894831501075,2013,0.25,0.5
0.5,2882,577,0.707105719237435,9.075810655888414,0.18999052089014642,3.506650568065211,2013,0.25,0.5
0.6,3459,576,0.7361111111111112,8.23199303083488,0.17421934630630317,3.5141103155146527,2013,0.25,0.5
0.7,4035,577,0.6915077989601387,8.784054152626796,0.18683502983179262,3.594995550805636,2013,0.25,0.5
0.8,4612,576,0.7274305555555556,8.480300760981997,0.17988738718433953,3.775984180554278,2013,0.25,0.5
0.4,2379,595,0.7159663865546219,9.397487088579226,0.18671827734145371,3.7980517894334898,2014,0.25,0.5
0.5,2974,594,0.6885521885521886,8.637681439410953,0.19175704861973425,3.4233709982543177,2014,0.25,0.5
0.6,3568,595,0.7142857142857143,8.305782700363523,0.18460929562293166,3.263257099661961,2014,0.25,0.5
0.7,4163,595,0.7512605042016807,8.242096690098213,0.1786608025040471,3.33481056782999,2014,0.25,0.5
0.8,4758,595,0.7495798319327731,8.505858852836072,0.17939236860108,3.1676698788214566,2014,0.25,0.5
0.4,2372,594,0.7424242424242424,8.505015061393621,0.17862657703192955,3.777207308013996,2015,0.25,0.5
0.5,2966,593,0.7082630691399663,8.499758030551762,0.18880700256195626,3.561078671799295,2015,0.25,0.5
0.6,3559,593,0.7065767284991569,8.501631703059115,0.18853063215608207,3.224835557128373,2015,0.25,0.5
0.7,4152,593,0.7015177065767285,8.65113253418487,0.20010037779695608,3.468646867533642,2015,0.25,0.5
0.8,4745,593,0.7065767284991569,8.268333350206694,0.1773074584469963,3.2845030363125947,2015,0.25,0.5
0.4,2380,595,0.7378151260504202,8.94544978199963,0.17430917481606995,4.2422813883161785,2016,0.25,0.5
0.5,2975,595,0.66890756302521,9.051021544659765,0.20733332852259106,3.8189209912890667,2016,0.25,0.5
0.6,3570,595,0.7109243697478992,8.49326820351053,0.19310256149740923,3.1980235269087265,2016,0.25,0.5
0.7,4165,595,0.692436974789916,8.946775125487473,0.19779664505934688,3.319511105953074,2016,0.25,0.5
0.8,4760,595,0.7210084033613445,8.306126779185837,0.17913200973214513,3.4711917396015193,2016,0.25,0.5
0.4,2385,597,0.7370184254606366,8.79714916541664,0.17679877254607113,4.011653780199429,2017,0.25,0.5
0.5,2982,596,0.6895973154362416,8.837441336971308,0.2001410099059655,3.6385079783062175,2017,0.25,0.5
0.6,3578,596,0.6946308724832215,9.022740684197062,0.19259638632179354,3.312785950864185,2017,0.25,0.5
0.7,4174,597,0.7219430485762144,8.617506591473896,0.1858320450465764,3.1066033959389423,2017,0.25,0.5
0.8,4771,596,0.7114093959731543,8.420193189274643,0.18844118282491384,3.0580242810102187,2017,0.25,0.5
0.4,2387,597,0.7303182579564489,9.410111265432677,0.18037614911915392,4.125525298596477,2018,0.25,0.5
0.5,2984,596,0.709731543624161,9.071686982627318,0.19159672076617973,4.097134715892562,2018,0.25,0.5
0.6,3580,597,0.7001675041876047,8.626843307235697,0.19360434627936543,3.8238957513975365,2018,0.25,0.5
0.7,4177,597,0.6917922948073701,9.493331517206157,0.19687283545915568,3.6012302462733023,2018,0.25,0.5
0.8,4774,597,0.7035175879396985,8.805068241627092,0.19046119826559613,3.512479669999521,2018,0.25,0.5
0.4,2419,605,0.7272727272727273,9.454616172702124,0.1828017478858515,3.809084054519293,2019,0.25,0.5
0.5,3024,605,0.715702479338843,8.44403089430241,0.1883660470929675,3.3055602480942383,2019,0.25,0.5
0.6,3629,605,0.7107438016528925,9.036098073459268,0.1898297368690364,3.303849931297871,2019,0.25,0.5
0.7,4234,605,0.7041322314049587,8.941607111053786,0.19361796482941215,3.3174307854644596,2019,0.25,0.5
0.8,4839,605,0.7090909090909091,9.037476978599589,0.189346393369371,3.266975679401465,2019,0.25,0.5
0.4,2306,577,0.7452339688041595,10.412300367938037,0.18043940612647286,4.118057391605526,2020,0.25,0.5
0.5,2883,577,0.7209705372616985,9.404189067919912,0.19196840056846384,3.725189334042367,2020,0.25,0.5
0.6,3460,576,0.6892361111111112,8.61840545897011,0.19585326595495134,3.562851650902265,2020,0.25,0.5
0.7,4036,577,0.7227036395147314,8.73634422151848,0.18175376722078646,3.3305375702719453,2020,0.25,0.5
0.8,4613,577,0.7105719237435009,8.442608980543925,0.18742967176530045,3.3985604263054885,2020,0.25,0.5
0.4,2290,573,0.7452006980802792,9.254492005065066,0.16529814770947365,5.1032117363748215,2009,0.25,0.75
0.5,2863,572,0.7027972027972028,9.346560034290334,0.188528340387497,4.606154699094633,2009,0.25,0.75
0.6,3435,573,0.699825479930192,8.71601825895631,0.197205861439435,4.260343328867698,2009,0.25,0.75
0.7,4008,572,0.7185314685314685,8.627264085280073,0.19119547661032446,3.907912465558115,2009,0.25,0.75
0.8,4580,573,0.7155322862129145,8.708057339355506,0.18813945348562874,3.8532457816150387,2009,0.25,0.75
0.4,2304,576,0.7395833333333334,8.658186488786207,0.17093164412169715,5.344941347346118,2010,0.25,0.75
0.5,2880,576,0.7239583333333334,8.504572918198066,0.18004150191948765,4.744332737233883,2010,0.25,0.75
0.6,3456,576,0.7378472222222222,8.299087685638955,0.18215339217162768,4.39060962182131,2010,0.25,0.75
0.7,4032,576,0.7274305555555556,8.649307121478557,0.17825750971750762,4.164893268325296,2010,0.25,0.75
0.8,4608,576,0.7361111111111112,8.043801659162032,0.17497146362539778,3.90389458508229,2010,0.25,0.75
0.4,2308,577,0.7694974003466204,8.538235222991347,0.1534769077417855,4.498092370032023,2011,0.25,0.75
0.5,2885,577,0.6915077989601387,9.040950275754424,0.19593563756101215,4.301986649631612,2011,0.25,0.75
0.6,3462,576,0.6892361111111112,8.34586590877068,0.19821793467944737,4.291777629141236,2011,0.25,0.75
0.7,4038,578,0.7318339100346021,8.65912889570584,0.17743353492353287,4.122199624096427,2011,0.25,0.75
0.8,4616,577,0.7157712305025996,8.210960953714038,0.1894154666168324,3.7583894459990064,2011,0.25,0.75
0.4,2265,566,0.7544169611307421,9.091068588886442,0.16783000399663328,4.421492688533118,2012,0.25,0.75
0.5,2831,566,0.696113074204947,8.720028906473267,0.19102844399418592,4.213835658710762,2012,0.25,0.75
0.6,3397,567,0.7407407407407407,8.065837393579287,0.16843485176659226,3.8380840675240897,2012,0.25,0.75
0.7,3964,566,0.7420494699646644,8.411035275714633,0.17673317291526683,3.7469842962576503,2012,0.25,0.75
0.8,4530,566,0.7491166077738516,7.963831034617195,0.17852177366525177,3.6423325204978765,2012,0.25,0.75
0.4,2306,576,0.7152777777777778,9.384012286923623,0.18104820094322882,4.245368915949901,2013,0.25,0.75
0.5,2882,577,0.7157712305025996,9.046911680826463,0.18967313867775795,3.62593493476254,2013,0.25,0.75
0.6,3459,576,0.7309027777777778,8.27418703449984,0.17564889274387496,3.6002403684087234,2013,0.25,0.75
0.7,4035,577,0.6949740034662045,8.740121855595344,0.18671980842202066,3.6551559838724446,2013,0.25,0.75
0.8,4612,576,0.7204861111111112,8.518575335654393,0.18132099062270995,3.8015855135032366,2013,0.25,0.75
0.4,2379,595,0.7092436974789916,9.380266546881368,0.1854719651986788,4.021532445407752,2014,0.25,0.75
0.5,2974,594,0.6902356902356902,8.6959332365262,0.192841839765909,3.576118199980673,2014,0.25,0.75
0.6,3568,595,0.7126050420168067,8.28742236021529,0.1842002453754348,3.3735747381151997,2014,0.25,0.75
0.7,4163,595,0.7411764705882353,8.262547606251701,0.17973596871137001,3.403915777769731,2014,0.25,0.75
0.8,4758,595,0.7478991596638656,8.538830602383342,0.17999252084093947,3.2126575533029422,2014,0.25,0.75
0.4,2372,594,0.734006734006734,8.540814349783789,0.17934849804751213,3.934551688164795,2015,0.25,0.75
0.5,2966,593,0.7200674536256324,8.435021194085401,0.18742935107941,3.6608599298062394,2015,0.25,0.75
0.6,3559,593,0.7065767284991569,8.4762168039364,0.1877885134105329,3.287782370699944,2015,0.25,0.75
0.7,4152,593,0.7015177065767285,8.664167311961434,0.20187793512258326,3.5049637105262983,2015,0.25,0.75
0.8,4745,593,0.7082630691399663,8.309542598052044,0.1779819394631579,3.3114484174472913,2015,0.25,0.75
0.4,2380,595,0.7226890756302521,9.01125126463164,0.1756521683368225,4.411202726752889,2016,0.25,0.75
0.5,2975,595,0.6756302521008404,9.048261625373733,0.20825059714485228,3.941326264978168,2016,0.25,0.75
0.6,3570,595,0.7159663865546219,8.495838365190783,0.19268119760804428,3.274813081181325,2016,0.25,0.75
0.7,4165,595,0.6957983193277311,8.948472217287641,0.19726325077088927,3.365775217003361,2016,0.25,0.75
0.8,4760,595,0.7277310924369748,8.253719224311403,0.17956459953609175,3.498964451784094,2016,0.25,0.75
0.4,2385,597,0.7303182579564489,8.831769475872369,0.17776006471572448,4.175640108400418,2017,0.25,0.75
0.5,2982,596,0.6828859060402684,8.786366078721905,0.1991982548086192,3.760658074393991,2017,0.25,0.75
0.6,3578,596,0.6845637583892618,9.040537584057017,0.19298458138305954,3.3985200017498833,2017,0.25,0.75
0.7,4174,597,0.7252931323283082,8.625755349834725,0.1861292516388463,3.1423240036967237,2017,0.25,0.75
0.8,4771,596,0.7063758389261745,8.450717536912732,0.18971872722730806,3.081705755406096,2017,0.25,0.75
0.4,2387,597,0.7286432160804021,9.437340261631642,0.18197455821922146,4.289958541339076,2018,0.25,0.75
0.5,2984,596,0.7164429530201343,9.085277977596455,0.19173751553015667,4.2027445158369,2018,0.25,0.75
0.6,3580,597,0.6934673366834171,8.618603502608027,0.1955995105935593,3.90046039168022,2018,0.25,0.75
0.7,4177,597,0.6850921273031826,9.573816593117424,0.19941827187827202,3.6456093788762782,2018,0.25,0.75
0.8,4774,597,0.7051926298157454,8.79135329369434,0.19062354321661742,3.5405224747762487,2018,0.25,0.75
0.4,2419,605,0.7256198347107438,9.424257327498077,0.18349985328164037,3.949144908610128,2019,0.25,0.75
0.5,3024,605,0.7107438016528925,8.40853105203226,0.1883046947950517,3.3828666218515635,2019,0.25,0.75
0.6,3629,605,0.7057851239669422,9.08126948905391,0.19018413917626706,3.3575353805312815,2019,0.25,0.75
0.7,4234,605,0.7041322314049587,8.9556087243034,0.19482175171700178,3.3446822653007215,2019,0.25,0.75
0.8,4839,605,0.7107438016528925,8.980089376909989,0.18825836390516973,3.282749388570605,2019,0.25,0.75
0.4,2306,577,0.7365684575389948,10.371959616397525,0.17995598686515568,4.213181260226274,2020,0.25,0.75
0.5,2883,577,0.7123050259965338,9.395840451380494,0.19268280052137862,3.793482922636988,2020,0.25,0.75
0.6,3460,576,0.6979166666666666,8.551519922304083,0.19642895082588824,3.616268858276923,2020,0.25,0.75
0.7,4036,577,0.7244367417677643,8.705706067188878,0.18203023431888393,3.3751962251644105,2020,0.25,0.75
0.8,4613,577,0.708838821490468,8.375821332740552,0.18627617817956835,3.4276699153432304,2020,0.25,0.75
0.4,2290,573,0.743455497382199,9.34632733608384,0.16674708358544094,5.428281873120226,2009,0.25,1.0
0.5,2863,572,0.7062937062937062,9.39929612390559,0.19012417783284039,4.837648838047398,2009,0.25,1.0
0.6,3435,573,0.680628272251309,8.76436744074555,0.19871929215316367,4.416725530721147,2009,0.25,1.0
0.7,4008,572,0.7167832167832168,8.64214581933307,0.19164917942511803,4.012115607206327,2009,0.25,1.0
0.8,4580,573,0.7120418848167539,8.717228552640254,0.18873715898027593,3.931860602976864,2009,0.25,1.0
0.4,2304,576,0.7326388888888888,8.775705334420065,0.17304040821879177,5.688370500604512,2010,0.25,1.0
0.5,2880,576,0.7083333333333334,8.542425867020503,0.1818882721263972,4.975867402726125,2010,0.25,1.0
0.6,3456,576,0.7326388888888888,8.335803583324472,0.1830311043135497,4.543559490865815,2010,0.25,1.0
0.7,4032,576,0.7309027777777778,8.689256502797958,0.1802786653210468,4.270773404904672,2010,0.25,1.0
0.8,4608,576,0.7413194444444444,8.057443387984076,0.17592352554029247,3.978522465959947,2010,0.25,1.0
0.4,2308,577,0.7608318890814558,8.633370774173686,0.15574010034093544,4.771883557553901,2011,0.25,1.0
0.5,2885,577,0.6932409012131716,9.066766002164695,0.19617183761394305,4.495319479337531,2011,0.25,1.0
0.6,3462,576,0.6909722222222222,8.327927030594083,0.19701339495560877,4.427864796301207,2011,0.25,1.0
0.7,4038,578,0.726643598615917,8.68709103961341,0.17933476084913874,4.226594458744,2011,0.25,1.0
0.8,4616,577,0.7157712305025996,8.24010525414819,0.18983267678539345,3.832683172641505,2011,0.25,1.0
0.4,2265,566,0.7473498233215548,9.178106736849282,0.17017780681249708,4.646841993757678,2012,0.25,1.0
0.5,2831,566,0.6925795053003534,8.76408622097097,0.19164940782281836,4.367260335959003,2012,0.25,1.0
0.6,3397,567,0.7425044091710759,8.110442755740582,0.1707909782498041,3.9427710887507446,2012,0.25,1.0
0.7,3964,566,0.7402826855123675,8.453556009539245,0.17906610762228234,3.817430275654298,2012,0.25,1.0
0.8,4530,566,0.7402826855123675,7.995006598212816,0.1799813703377746,3.690208526511825,2012,0.25,1.0
0.4,2306,576,0.71875,9.435615305422132,0.18242569547247056,4.439808916468129,2013,0.25,1.0
0.5,2882,577,0.7192374350086655,9.056083124761042,0.19024204286918736,3.7480265504905406,2013,0.25,1.0
0.6,3459,576,0.7326388888888888,8.344186536666973,0.177447112602693,3.6879575460533096,2013,0.25,1.0
0.7,4035,577,0.7036395147313691,8.716527140202654,0.18717110068668646,3.7174881671696642,2013,0.25,1.0
0.8,4612,576,0.7170138888888888,8.569197346679081,0.1829610233284786,3.8304504683124407,2013,0.25,1.0
0.4,2379,595,0.7109243697478992,9.394072042705432,0.18508836187387964,4.2220849532590075,2014,0.25,1.0
0.5,2974,594,0.6851851851851852,8.771380613631033,0.19430164012767948,3.7103039714208217,2014,0.25,1.0
0.6,3568,595,0.7159663865546219,8.308585979298702,0.18441411122808776,3.4734341400574804,2014,0.25,1.0
0.7,4163,595,0.7344537815126051,8.290723532995717,0.18102162322888882,3.4692798898922677,2014,0.25,1.0
0.8,4758,595,0.7344537815126051,8.578886544043579,0.18108948931956895,3.2534113212081692,2014,0.25,1.0
0.4,2372,594,0.734006734006734,8.621652767842871,0.18085717304751017,4.0821415603339295,2015,0.25,1.0
0.5,2966,593,0.718381112984823,8.41900170530573,0.18713835718274027,3.756062459717608,2015,0.25,1.0
0.6,3559,593,0.7116357504215851,8.481696042177662,0.1879600176174644,3.349742573847268,2015,0.25,1.0
0.7,4152,593,0.6897133220910624,8.693248247972312,0.20360364750116328,3.539639851694913,2015,0.25,1.0
0.8,4745,593,0.715008431703204,8.361671763966521,0.1790289984083478,3.3377614202354993,2015,0.25,1.0
0.4,2380,595,0.7310924369747899,9.08418092555803,0.17717375947013356,4.557891029350555,2016,0.25,1.0
0.5,2975,595,0.6739495798319328,9.074587042081916,0.20958133492246475,4.046888714066271,2016,0.25,1.0
0.6,3570,595,0.7210084033613445,8.519128826893331,0.19276774600692947,3.34217005788723,2016,0.25,1.0
0.7,4165,595,0.6941176470588235,8.953859911986935,0.19717202602359776,3.4067770142827847,2016,0.25,1.0
0.8,4760,595,0.7294117647058823,8.236811186233991,0.18046109415523937,3.5258997476583636,2016,0.25,1.0
0.4,2385,597,0.7236180904522613,8.87726258782222,0.17912140205042942,4.317757988801947,2017,0.25,1.0
0.5,2982,596,0.6828859060402684,8.766796233249554,0.19896598376163663,3.8666765006861614,2017,0.25,1.0
0.6,3578,596,0.6812080536912751,9.077260546504643,0.19373245013710014,3.470552493028284,2017,0.25,1.0
0.7,4174,597,0.7269681742043551,8.656802345349243,0.1868686407378124,3.1742866615210876,2017,0.25,1.0
0.8,4771,596,0.7046979865771812,8.49807792346322,0.19120905658594783,3.1028364133908144,2017,0.25,1.0
0.4,2387,597,0.7286432160804021,9.493726585111656,0.18368225639024433,4.420311962285264,2018,0.25,1.0
0.5,2984,596,0.7080536912751678,9.121726806633578,0.1923221638533897,4.291550060070725,2018,0.25,1.0
0.6,3580,597,0.6917922948073701,8.647670879638657,0.19763011004636286,3.9653908318704736,2018,0.25,1.0
0.7,4177,597,0.6817420435510888,9.66393421023807,0.20200277020891885,3.683279596154878,2018,0.25,1.0
0.8,4774,597,0.7001675041876047,8.802162844971694,0.1913413137403444,3.5656019054448285,2018,0.25,1.0
0.4,2419,605,0.7239669421487603,9.433005226855665,0.1845650237545245,4.067114486693108,2019,0.25,1.0
0.5,3024,605,0.7140495867768595,8.424393013394166,0.18905674612709064,3.4488411382645916,2019,0.25,1.0
0.6,3629,605,0.6991735537190082,9.136474463743069,0.1912519129195711,3.4042135011042807,2019,0.25,1.0
0.7,4234,605,0.6975206611570248,8.993971649060773,0.19642514692015964,3.370819349903496,2019,0.25,1.0
0.8,4839,605,0.7173553719008264,8.949150609133815,0.18795777151034798,3.2978541059868656,2019,0.25,1.0
0.4,2306,577,0.7348353552859619,10.350240532842168,0.18008382654866784,4.288946103700498,2020,0.25,1.0
0.5,2883,577,0.7105719237435009,9.40114805905195,0.19378381201128178,3.8479779771337106,2020,0.25,1.0
0.6,3460,576,0.6961805555555556,8.515754615997263,0.19727869557742617,3.6589597518943675,2020,0.25,1.0
0.7,4036,577,0.7209705372616985,8.707840409222069,0.1827514781228953,3.4113979109670303,2020,0.25,1.0
0.8,4613,577,0.7105719237435009,8.34067477915935,0.18565554253392422,3.4525042376374793,2020,0.25,1.0
0.4,2290,573,0.731239092495637,9.543071577186138,0.17027600243345573,5.910734663056725,2009,0.25,1.5
0.5,2863,572,0.7062937062937062,9.494990636297052,0.19323010548948316,5.17757245434748,2009,0.25,1.5
0.6,3435,573,0.6841186736474695,8.857236244285081,0.20154908506611707,4.639029480464259,2009,0.25,1.5
0.7,4008,572,0.7115384615384616,8.651244293754631,0.19253504990189624,4.152785185377909,2009,0.25,1.5
0.8,4580,573,0.7120418848167539,8.736524877470558,0.18973542304830962,4.038449634613931,2009,0.25,1.5
0.4,2304,576,0.7430555555555556,9.015489453514824,0.17751885232437392,6.222307311649592,2010,0.25,1.5
0.5,2880,576,0.6944444444444444,8.649161382161289,0.18552599590535335,5.334259391534985,2010,0.25,1.5
0.6,3456,576,0.7239583333333334,8.424089587039695,0.1853500665429963,4.7791879073971915,2010,0.25,1.5
0.7,4032,576,0.71875,8.770594701344827,0.18410426346363432,4.427423015570545,2010,0.25,1.5
0.8,4608,576,0.7413194444444444,8.134931918559122,0.17858849775179694,4.088625520827999,2010,0.25,1.5
0.4,2308,577,0.75736568457539,8.859390886710527,0.16043973888603424,5.236756688027254,2011,0.25,1.5
0.5,2885,577,0.7019064124783362,9.12296441942656,0.19725257200884927,4.822912448237989,2011,0.25,1.5
0.6,3462,576,0.6979166666666666,8.323668869213334,0.19609215290030357,4.654874316101908,2011,0.25,1.5
0.7,4038,578,0.7197231833910035,8.740802824810341,0.18270135680695773,4.396005901968283,2011,0.25,1.5
0.8,4616,577,0.7036395147313691,8.31996035704663,0.19157298960415195,3.9515346455094287,2011,0.25,1.5
0.4,2265,566,0.7296819787985865,9.354993725102911,0.17483206929552011,5.046942306867594,2012,0.25,1.5
0.5,2831,566,0.6978798586572438,8.878920950198866,0.19354416252644377,4.645521393038882,2012,0.25,1.5
0.6,3397,567,0.7442680776014109,8.22016718481915,0.1753519860697699,4.1373533825409465,2012,0.25,1.5
0.7,3964,566,0.7226148409893993,8.54741117017049,0.18332517499613785,3.9459457633454234,2012,0.25,1.5
0.8,4530,566,0.7279151943462897,8.075200521842916,0.18280907535765914,3.777787705227295,2012,0.25,1.5
0.4,2306,576,0.7135416666666666,9.570183791397202,0.18588219584383506,4.815353217279437,2013,0.25,1.5
0.5,2882,577,0.7036395147313691,9.122438505601991,0.19233689203506932,3.9912581573815826,2013,0.25,1.5
0.6,3459,576,0.7239583333333334,8.502312586248589,0.1813236268983674,3.8598768910293346,2013,0.25,1.5
0.7,4035,577,0.6984402079722704,8.731755169808032,0.18876828812647758,3.839844162405208,2013,0.25,1.5
0.8,4612,576,0.6996527777777778,8.696500847497298,0.18635071445844828,3.891746537445149,2013,0.25,1.5
0.4,2379,595,0.6957983193277311,9.481919198238696,0.18560671081506516,4.584282472494791,2014,0.25,1.5
0.5,2974,594,0.6801346801346801,8.897775779366818,0.19721929411618816,3.949031031996025,2014,0.25,1.5
0.6,3568,595,0.7109243697478992,8.378711999464967,0.18577667946617568,3.6540588501769133,2014,0.25,1.5
0.7,4163,595,0.7092436974789916,8.375859010325225,0.1837766709183475,3.5934257807918746,2014,0.25,1.5
0.8,4758,595,0.7210084033613445,8.68654770011331,0.18381455469840652,3.3283363367565966,2014,0.25,1.5
0.4,2372,594,0.7323232323232324,8.791482848454384,0.1843602883923359,4.368580039815269,2015,0.25,1.5
0.5,2966,593,0.7251264755480608,8.422775816546233,0.1881828772620543,3.9461722887781265,2015,0.25,1.5
0.6,3559,593,0.7099494097807757,8.521764367861742,0.18948120220733597,3.476626201985226,2015,0.25,1.5
0.7,4152,593,0.6711635750421585,8.769119245005779,0.2066601722460279,3.6106566826892013,2015,0.25,1.5
0.8,4745,593,0.7116357504215851,8.459894925957249,0.18156718598903285,3.391908327367777,2015,0.25,1.5
0.4,2380,595,0.7243697478991596,9.224505000718453,0.18016101190543812,4.836938757981915,2016,0.25,1.5
0.5,2975,595,0.6756302521008404,9.168986087155783,0.2126095928114608,4.244398881431925,2016,0.25,1.5
0.6,3570,595,0.7142857142857143,8.588236171807091,0.19344218494990417,3.470516691701636,2016,0.25,1.5
0.7,4165,595,0.6890756302521008,8.973345775402487,0.1975870587273497,3.4878352310029794,2016,0.25,1.5
0.8,4760,595,0.7277310924369748,8.25121666712543,0.18270612468385028,3.583292840866789,2016,0.25,1.5
0.4,2385,597,0.7135678391959799,8.998590776488875,0.18194839989578776,4.5922884496039496,2017,0.25,1.5
0.5,2982,596,0.6812080536912751,8.765175080037999,0.19956154486020508,4.066287748955413,2017,0.25,1.5
0.6,3578,596,0.674496644295302,9.15020292727911,0.19555881125687055,3.603001858758977,2017,0.25,1.5
0.7,4174,597,0.7303182579564489,8.721028544737413,0.1887942648951639,3.2413824025591054,2017,0.25,1.5
0.8,4771,596,0.6845637583892618,8.613980454711383,0.19433195689417573,3.14832822500763,2017,0.25,1.5
0.4,2387,597,0.7185929648241206,9.58405392085588,0.1865108814003504,4.663580990405028,2018,0.25,1.5
0.5,2984,596,0.6996644295302014,9.208100198477737,0.19373504086618418,4.461853841370742,2018,0.25,1.5
0.6,3580,597,0.695142378559464,8.724164314652207,0.20124304455236944,4.086734336134001,2018,0.25,1.5
0.7,4177,597,0.6800670016750419,9.825510050827328,0.20654612716059112,3.75533587961862,2018,0.25,1.5
0.8,4774,597,0.7001675041876047,8.84134460657055,0.1933065750972964,3.61671592194058,2018,0.25,1.5
0.4,2419,605,0.7223140495867768,9.48290262828402,0.18688675847900726,4.30067280771691,2019,0.25,1.5
0.5,3024,605,0.7041322314049587,8.521502092103862,0.19154887003379997,3.5864263351824555,2019,0.25,1.5
0.6,3629,605,0.6859504132231405,9.256660251640199,0.1940569227652116,3.500287940583772,2019,0.25,1.5
0.7,4234,605,0.6958677685950413,9.078944105545455,0.199974642794916,3.4308869294771553,2019,0.25,1.5
0.8,4839,605,0.71900826446281,8.919025027461416,0.18873221532536438,3.33498990843443,2019,0.25,1.5
0.4,2306,577,0.729636048526863,10.34165371091723,0.18093854279875357,4.445226635159238,2020,0.25,1.5
0.5,2883,577,0.7123050259965338,9.456099910170757,0.19613313816278619,3.9622074349926244,2020,0.25,1.5
0.6,3460,576,0.6909722222222222,8.522701107977413,0.1990792365304578,3.743714073199857,2020,0.25,1.5
0.7,4036,577,0.7244367417677643,8.726426479041889,0.18468913498605746,3.4809361460323323,2020,0.25,1.5
0.8,4613,577,0.7157712305025996,8.311196364842655,0.18540317213336877,3.5016700252760353,2020,0.25,1.5
0.4,2290,573,0.7469458987783595,9.400011658973769,0.16662448697849008,5.162886425392716,2009,0.15,0.5
0.5,2863,572,0.7062937062937062,9.457023281788732,0.18997020439233667,4.579198448179663,2009,0.15,0.5
0.6,3435,573,0.6910994764397905,8.815074867366018,0.1987060778630039,4.184005616013679,2009,0.15,0.5
0.7,4008,572,0.715034965034965,8.75221060190295,0.1926638046819489,3.8032381357393272,2009,0.15,0.5
0.8,4580,573,0.7329842931937173,8.755473815244274,0.18849704703203957,3.740946777745278,2009,0.15,0.5
0.4,2304,576,0.7482638888888888,8.71399452629966,0.17104783712960492,5.5995745242732475,2010,0.15,0.5
0.5,2880,576,0.7204861111111112,8.56205782030358,0.1809158964717471,4.856750547091557,2010,0.15,0.5
0.6,3456,576,0.7361111111111112,8.428443949748987,0.1836937899492949,4.38651465415435,2010,0.15,0.5
0.7,4032,576,0.7274305555555556,8.747944239001193,0.1801071548877312,4.092682478128956,2010,0.15,0.5
0.8,4608,576,0.734375,8.074449534349185,0.17613357147094932,3.753483028487886,2010,0.15,0.5
0.4,2308,577,0.7746967071057193,8.632821774032323,0.1531957197504199,4.7464481941929195,2011,0.15,0.5
0.5,2885,577,0.6967071057192374,9.145632548083695,0.1981033808770879,4.49439728467581,2011,0.15,0.5
0.6,3462,576,0.6909722222222222,8.449721071308765,0.20090119014375235,4.419647312842609,2011,0.15,0.5
0.7,4038,578,0.7301038062283737,8.771018751341975,0.1803770689496361,4.186933755256066,2011,0.15,0.5
0.8,4616,577,0.707105719237435,8.247925780284005,0.19006508080969617,3.6739247327486035,2011,0.15,0.5
0.4,2265,566,0.7561837455830389,9.181489253694735,0.16946354551713225,4.708833983433762,2012,0.15,0.5
0.5,2831,566,0.6837455830388692,8.857844987549665,0.1938881800112039,4.416989279103829,2012,0.15,0.5
0.6,3397,567,0.7442680776014109,8.143466670203003,0.16927485294505273,3.9021467694072274,2012,0.15,0.5
0.7,3964,566,0.7385159010600707,8.50498479451057,0.17769081522791946,3.7645085871202912,2012,0.15,0.5
0.8,4530,566,0.7455830388692579,7.972508436408391,0.17855255061792877,3.6220465830320125,2012,0.15,0.5
0.4,2306,576,0.703125,9.443882024997343,0.1825349851509858,4.479065888213927,2013,0.15,0.5
0.5,2882,577,0.7140381282495667,9.213399476129942,0.1924400371738189,3.7332131111556586,2013,0.15,0.5
0.6,3459,576,0.734375,8.355111234608202,0.17639839266234172,3.705701959783537,2013,0.15,0.5
0.7,4035,577,0.7019064124783362,8.825133290297057,0.18799494587486645,3.7427425661375877,2013,0.15,0.5
0.8,4612,576,0.7291666666666666,8.581987493304489,0.18213645043625037,3.893248801747779,2013,0.15,0.5
0.4,2379,595,0.7092436974789916,9.4927324239838,0.18765070672722925,4.337758621924745,2014,0.15,0.5
0.5,2974,594,0.6851851851851852,8.778781667948621,0.19487203978701315,3.775932549550424,2014,0.15,0.5
0.6,3568,595,0.7159663865546219,8.37347154053627,0.18592460255874357,3.468376006469975,2014,0.15,0.5
0.7,4163,595,0.7445378151260504,8.302620535867229,0.17985754290517336,3.471086873881229,2014,0.15,0.5
0.8,4758,595,0.7563025210084033,8.650173144533715,0.1812618312530966,3.1727125520176496,2014,0.15,0.5
0.4,2372,594,0.7239057239057239,8.585809796808343,0.18041680789199427,4.2577382954859955,2015,0.15,0.5
0.5,2966,593,0.7251264755480608,8.514986040811516,0.18896189672421496,3.8391634351567085,2015,0.15,0.5
0.6,3559,593,0.6998313659359191,8.615791065842805,0.1909287503375901,3.3598502496680522,2015,0.15,0.5
0.7,4152,593,0.6947723440134908,8.813813737100777,0.20595346509725188,3.60257139972621,2015,0.15,0.5
0.8,4745,593,0.7082630691399663,8.302899855633717,0.17805956860164815,3.307566295606191,2015,0.15,0.5
0.4,2380,595,0.7310924369747899,9.171984370395663,0.1790408566042407,4.706866603309902,2016,0.15,0.5
0.5,2975,595,0.6789915966386555,9.156892041118294,0.21034550896942358,4.07193331917945,2016,0.15,0.5
0.6,3570,595,0.7159663865546219,8.608522566885744,0.19534634794290834,3.248744874074719,2016,0.15,0.5
0.7,4165,595,0.692436974789916,9.056299444793874,0.20060118970176943,3.370828266089968,2016,0.15,0.5
0.8,4760,595,0.7243697478991596,8.279690221870887,0.17991565002370738,3.524437239966084,2016,0.15,0.5
0.4,2385,597,0.7219430485762144,8.94074321414847,0.17925922077950507,4.530486429036118,2017,0.15,0.5
0.5,2982,596,0.6812080536912751,8.927337257132953,0.20143459197354427,3.943588109288592,2017,0.15,0.5
0.6,3578,596,0.6862416107382551,9.140251052755229,0.1948831007786377,3.4711872138892974,2017,0.15,0.5
0.7,4174,597,0.7236180904522613,8.73012162532623,0.18786644701151536,3.149322255218889,2017,0.15,0.5
0.8,4771,596,0.7080536912751678,8.51969219428225,0.19090043182308195,3.0473202640284756,2017,0.15,0.5
0.4,2387,597,0.7303182579564489,9.536749465700542,0.18229901370628052,4.664867574270999,2018,0.15,0.5
0.5,2984,596,0.714765100671141,9.157789348129528,0.19256191740085388,4.467076573272805,2018,0.15,0.5
0.6,3580,597,0.6934673366834171,8.732249944327062,0.19830883014015577,4.030523153726928,2018,0.15,0.5
0.7,4177,597,0.6850921273031826,9.67616775976874,0.20146770893128194,3.681080491684094,2018,0.15,0.5
0.8,4774,597,0.6901172529313233,8.924826977570074,0.19347926794408335,3.522045690197038,2018,0.15,0.5
0.4,2419,605,0.7272727272727273,9.594633645576808,0.18489035997539088,4.371313866405981,2019,0.15,0.5
0.5,3024,605,0.7107438016528925,8.530555056292494,0.19009094484929198,3.564828440550773,2019,0.15,0.5
0.6,3629,605,0.6958677685950413,9.06025328671218,0.19050129560134818,3.50240456070261,2019,0.15,0.5
0.7,4234,605,0.6975206611570248,9.064251489102366,0.19705660759008364,3.4275547321700675,2019,0.15,0.5
0.8,4839,605,0.7057851239669422,9.091755135139408,0.19122466608880107,3.3140343154297836,2019,0.15,0.5
0.4,2306,577,0.7435008665511266,10.519415176229874,0.18209091243361578,4.605628714291902,2020,0.15,0.5
0.5,2883,577,0.708838821490468,9.512691112379251,0.19380949347094273,4.050888483848981,2020,0.15,0.5
0.6,3460,576,0.6944444444444444,8.679380426446242,0.1970730255136802,3.752930622277713,2020,0.15,0.5
0.7,4036,577,0.7209705372616985,8.7951602457829,0.18352266116579688,3.404855026848359,2020,0.15,0.5
0.8,4613,577,0.7053726169844021,8.431951911095595,0.18739776428210542,3.4336249948732376,2020,0.15,0.5
0.4,2290,573,0.7521815008726004,9.517745528557787,0.16826244532219045,5.598106170282528,2009,0.15,0.75
0.5,2863,572,0.7062937062937062,9.514844593833663,0.1917291013956743,4.859855515034686,2009,0.15,0.75
0.6,3435,573,0.68760907504363,8.862670321787473,0.20058805029331173,4.344241534736686,2009,0.15,0.75
0.7,4008,572,0.7185314685314685,8.753649293271412,0.19318673963588992,3.8845690670586275,2009,0.15,0.75
0.8,4580,573,0.7260034904013961,8.772249256924727,0.1892961227366063,3.7970417811349093,2009,0.15,0.75
0.4,2304,576,0.7361111111111112,8.887577002538043,0.17407306133919556,6.092921017519473,2010,0.15,0.75
0.5,2880,576,0.7135416666666666,8.628789953152276,0.1833585359723814,5.149487797909338,2010,0.15,0.75
0.6,3456,576,0.7239583333333334,8.443726036415345,0.18461992923056603,4.548531576188866,2010,0.15,0.75
0.7,4032,576,0.7274305555555556,8.792814027780285,0.18265013272092329,4.181969087756312,2010,0.15,0.75
0.8,4608,576,0.7447916666666666,8.119271316024623,0.1774462558172003,3.806424010626865,2010,0.15,0.75
0.4,2308,577,0.7694974003466204,8.739132949400092,0.15656405832319228,5.170538552783715,2011,0.15,0.75
0.5,2885,577,0.6915077989601387,9.164690533350836,0.19773644606390475,4.764927775425743,2011,0.15,0.75
0.6,3462,576,0.6892361111111112,8.400546415083447,0.19871500987599522,4.588557970721546,2011,0.15,0.75
0.7,4038,578,0.7179930795847751,8.793741545072814,0.1826400358788225,4.300175194204443,2011,0.15,0.75
0.8,4616,577,0.7105719237435009,8.287027899752436,0.19036952919671973,3.7373517603918613,2011,0.15,0.75
0.4,2265,566,0.7438162544169611,9.314591872734598,0.1729031011422693,5.094141519351228,2012,0.15,0.75
0.5,2831,566,0.6819787985865724,8.890618736754979,0.19417247034155452,4.659647745614236,2012,0.15,0.75
0.6,3397,567,0.7442680776014109,8.190519098750592,0.17243560602679184,4.046711316099676,2012,0.15,0.75
0.7,3964,566,0.7279151943462897,8.541261349077725,0.1807283584553527,3.8444064861254215,2012,0.15,0.75
0.8,4530,566,0.7420494699646644,8.01349548721117,0.18069324865464828,3.66239356539347,2012,0.15,0.75
0.4,2306,576,0.7118055555555556,9.520363027954478,0.18452438756047274,4.840186836502174,2013,0.15,0.75
0.5,2882,577,0.7123050259965338,9.19920976942337,0.19238020764343175,3.940701035691235,2013,0.15,0.75
0.6,3459,576,0.7274305555555556,8.424236628026085,0.17856735937221227,3.8350684024771935,2013,0.15,0.75
0.7,4035,577,0.707105719237435,8.7763803345704,0.18833997278538503,3.821290932028171,2013,0.15,0.75
0.8,4612,576,0.7239583333333334,8.654486166907914,0.18454996343973015,3.910903798564311,2013,0.15,0.75
0.4,2379,595,0.7075630252100841,9.526098555812105,0.18737146010483635,4.719605532009617,2014,0.15,0.75
0.5,2974,594,0.6801346801346801,8.867703602603344,0.19676082025228095,3.9980918032706723,2014,0.15,0.75
0.6,3568,595,0.7277310924369748,8.361776003733189,0.18595779951645564,3.619706398070901,2014,0.15,0.75
0.7,4163,595,0.7394957983193278,8.326911370799515,0.18141011152579653,3.5544844254773555,2014,0.15,0.75
0.8,4758,595,0.746218487394958,8.692037847915989,0.18275161413839203,3.21252165226615,2014,0.15,0.75
0.4,2372,594,0.7373737373737373,8.708719635792404,0.18229443309470275,4.557222498824579,2015,0.15,0.75
0.5,2966,593,0.7217537942664418,8.489508514469103,0.18803203423113618,4.012352211644091,2015,0.15,0.75
0.6,3559,593,0.7032040472175379,8.604173356744282,0.19049302384235534,3.4575509026149094,2015,0.15,0.75
0.7,4152,593,0.6829679595278246,8.84357188352722,0.20808375259184653,3.6480680645233448,2015,0.15,0.75
0.8,4745,593,0.7234401349072512,8.367003511619313,0.17941104832490737,3.335858867188609,2015,0.15,0.75
0.4,2380,595,0.7310924369747899,9.261830510242545,0.18073452966728035,5.0124376736923,2016,0.15,0.75
0.5,2975,595,0.6756302521008404,9.185088040951962,0.2118448217734897,4.260556373449186,2016,0.15,0.75
0.6,3570,595,0.7075630252100841,8.615982455916463,0.19486196274013284,3.353733315328035,2016,0.15,0.75
0.7,4165,595,0.6974789915966386,9.045859485616408,0.20006257613503067,3.4259348989703127,2016,0.15,0.75
0.8,4760,595,0.7361344537815127,8.255185580288147,0.18114283577398874,3.5551541726566365,2016,0.15,0.75
0.4,2385,597,0.7219430485762144,9.004069561416696,0.18092173622097665,4.840100042251254,2017,0.15,0.75
0.5,2982,596,0.6812080536912751,8.875439577895383,0.20076471095453924,4.150140689766146,2017,0.15,0.75
0.6,3578,596,0.6795302013422819,9.181415504689161,0.19575650309089332,3.5892969912659334,2017,0.15,0.75
0.7,4174,597,0.7286432160804021,8.751757324848153,0.18853036206289397,3.186298096757003,2017,0.15,0.75
0.8,4771,596,0.7063758389261745,8.571834455960916,0.19301877194707964,3.0699972160024154,2017,0.15,0.75
0.4,2387,597,0.7319932998324958,9.603853605995525,0.18445991668142173,4.957648494365369,2018,0.15,0.75
0.5,2984,596,0.7013422818791947,9.221692364763031,0.19339669793832553,4.638222863825362,2018,0.15,0.75
0.6,3580,597,0.6934673366834171,8.753749640920532,0.20071289888306001,4.14075807670632,2018,0.15,0.75
0.7,4177,597,0.6800670016750419,9.789605403939463,0.20483493697327976,3.730488276743081,2018,0.15,0.75
0.8,4774,597,0.6884422110552764,8.914519581223571,0.1939075584955632,3.5499792390315132,2018,0.15,0.75
0.4,2419,605,0.7173553719008264,9.589750264189622,0.1863024112675321,4.6628815952293685,2019,0.15,0.75
0.5,3024,605,0.7074380165289256,8.529254308844497,0.1907841194580853,3.719817158232678,2019,0.15,0.75
0.6,3629,605,0.6991735537190082,9.142123741182385,0.1918267789572054,3.6008734707062198,2019,0.15,0.75
0.7,4234,605,0.7074380165289256,9.087761325483102,0.19901369325962354,3.4766643537375157,2019,0.15,0.75
0.8,4839,605,0.7090909090909091,9.02395147928339,0.19039105937533649,3.338878400826309,2019,0.15,0.75
0.4,2306,577,0.7400346620450606,10.47024843024306,0.1818891174257262,4.7910432564065,2020,0.15,0.75
0.5,2883,577,0.7105719237435009,9.505448305367015,0.19488989527988795,4.173692341634836,2020,0.15,0.75
0.6,3460,576,0.6875,8.60153254470828,0.197948104174506,3.8364083870847456,2020,0.15,0.75
0.7,4036,577,0.7261698440207972,8.780738851810124,0.18426877490251845,3.4691194730330146,2020,0.15,0.75
0.8,4613,577,0.7123050259965338,8.364593010982531,0.1863634363598091,3.472897382953316,2020,0.15,0.75
0.4,2290,573,0.7399650959860384,9.627320425471805,0.17042338677590246,5.914686710144833,2009,0.15,1.0
0.5,2863,572,0.7045454545454546,9.56203887676072,0.19352698157581982,5.056790626281156,2009,0.15,1.0
0.6,3435,573,0.680628272251309,8.917416006931596,0.20233226832035306,4.4496611238400545,2009,0.15,1.0
0.7,4008,572,0.7132867132867133,8.759390322702345,0.19374216020187013,3.931620544275139,2009,0.15,1.0
0.8,4580,573,0.7137870855148342,8.784167521401034,0.19002747232058906,3.832408166365116,2009,0.15,1.0
0.4,2304,576,0.7378472222222222,9.062890828403637,0.1773967026487292,6.457959857157372,2010,0.15,1.0
0.5,2880,576,0.7048611111111112,8.69688347740793,0.1858175666219156,5.3597608133787205,2010,0.15,1.0
0.6,3456,576,0.7152777777777778,8.485339871571522,0.1860203603754861,4.662453600367766,2010,0.15,1.0
0.7,4032,576,0.71875,8.836285816951277,0.18516420222890026,4.240109174709047,2010,0.15,1.0
0.8,4608,576,0.734375,8.17614999405175,0.17938559685799393,3.8419014777295653,2010,0.15,1.0
0.4,2308,577,0.7538994800693241,8.898527247192304,0.160126923917024,5.504605920900149,2011,0.15,1.0
0.5,2885,577,0.7001733102253033,9.187036733212764,0.19806533697677617,4.972206832341342,2011,0.15,1.0
0.6,3462,576,0.6892361111111112,8.377742177471475,0.1976718782771522,4.714202202803881,2011,0.15,1.0
0.7,4038,578,0.7162629757785467,8.82537197410275,0.1847327174812953,4.381806462119807,2011,0.15,1.0
0.8,4616,577,0.7036395147313691,8.335502839939002,0.1914219855657661,3.782533655683248,2011,0.15,1.0
0.4,2265,566,0.7332155477031802,9.439157225552368,0.17628925005349028,5.402495222873981,2012,0.15,1.0
0.5,2831,566,0.6908127208480566,8.95262809923594,0.19507364910929867,4.853034252055338,2012,0.15,1.0
0.6,3397,567,0.746031746031746,8.261698147930156,0.17554098432079412,4.163292624979948,2012,0.15,1.0
0.7,3964,566,0.715547703180212,8.58577168437641,0.18348222576065198,3.9045978327284385,2012,0.15,1.0
0.8,4530,566,0.7296819787985865,8.07671527669521,0.18275680138505643,3.6929413262777064,2012,0.15,1.0
0.4,2306,576,0.71875,9.614926350403582,0.18705658429427047,5.153272838499391,2013,0.15,1.0
0.5,2882,577,0.708838821490468,9.217203851293212,0.19326100910126975,4.119493554525572,2013,0.15,1.0
0.6,3459,576,0.7222222222222222,8.511376881624418,0.1810545618063464,3.9427275729655875,2013,0.15,1.0
0.7,4035,577,0.7001733102253033,8.789083335199585,0.18926035645414171,3.88668086181102,2013,0.15,1.0
0.8,4612,576,0.7152777777777778,8.739607726788742,0.1869807641194975,3.9253451187258714,2013,0.15,1.0
0.4,2379,595,0.6957983193277311,9.583703459347722,0.18795711861572625,5.0320456937528535,2014,0.15,1.0
0.5,2974,594,0.6851851851851852,8.951328120501898,0.19863393507308796,4.173947123978447,2014,0.15,1.0
0.6,3568,595,0.7226890756302521,8.404537266714096,0.18680484370036013,3.7408762045170403,2014,0.15,1.0
0.7,4163,595,0.7210084033613445,8.378903021795159,0.18325948007562104,3.6261931869818462,2014,0.15,1.0
0.8,4758,595,0.7243697478991596,8.752181002445386,0.18470250029381508,3.243497723518324,2014,0.15,1.0
0.4,2372,594,0.7239057239057239,8.815178372512392,0.18472489054777913,4.81697792245735,2015,0.15,1.0
0.5,2966,593,0.7251264755480608,8.493631553725347,0.18847894492835854,4.162884257917018,2015,0.15,1.0
0.6,3559,593,0.7032040472175379,8.614015699942325,0.19105689697986336,3.542208446140497,2015,0.15,1.0
0.7,4152,593,0.6711635750421585,8.89196782267054,0.20992700609673703,3.6839672243032155,2015,0.15,1.0
0.8,4745,593,0.7133220910623946,8.43885314864444,0.18118729089983188,3.3588740146449094,2015,0.15,1.0
0.4,2380,595,0.7159663865546219,9.352606301076587,0.1825943399427962,5.2793881373998595,2016,0.15,1.0
0.5,2975,595,0.6672268907563025,9.232233958519338,0.21371267666944038,4.421290600097087,2016,0.15,1.0
0.6,3570,595,0.7025210084033613,8.652567570631167,0.19489001237449427,3.441391322863225,2016,0.15,1.0
0.7,4165,595,0.6890756302521008,9.047382049564186,0.20006950489435332,3.472222617779141,2016,0.15,1.0
0.8,4760,595,0.7294117647058823,8.26123771565745,0.1827396990026175,3.5841858430575253,2016,0.15,1.0
0.4,2385,597,0.711892797319933,9.092010275526041,0.1828312531504124,5.117453442966145,2017,0.15,1.0
0.5,2982,596,0.6812080536912751,8.855348807854458,0.20096737275056328,4.328169769956054,2017,0.15,1.0
0.6,3578,596,0.6728187919463087,9.229420113940332,0.19690475815013295,3.687768631825728,2017,0.15,1.0
0.7,4174,597,0.7236180904522613,8.79377922911119,0.18963690938124383,3.2210647874693947,2017,0.15,1.0
0.8,4771,596,0.697986577181208,8.649675744448045,0.1952036551692708,3.091837461455119,2017,0.15,1.0
0.4,2387,597,0.7202680067001676,9.666594363363561,0.18636702892704868,5.212463862404709,2018,0.15,1.0
0.5,2984,596,0.7030201342281879,9.288706491984167,0.19441671756411513,4.790012945987051,2018,0.15,1.0
0.6,3580,597,0.6884422110552764,8.78782149026478,0.2028902458825225,4.234139514970854,2018,0.15,1.0
0.7,4177,597,0.6800670016750419,9.878762361816461,0.20782467119296258,3.7711504977664605,2018,0.15,1.0
0.8,4774,597,0.6917922948073701,8.929395394286528,0.19487343512608188,3.5746391650290286,2018,0.15,1.0
0.4,2419,605,0.7090909090909091,9.630189278855946,0.18795773827279627,4.924575053889313,2019,0.15,1.0
0.5,3024,605,0.7008264462809918,8.584887943356183,0.19239316480476226,3.8614656336476614,2019,0.15,1.0
0.6,3629,605,0.6991735537190082,9.226996707263126,0.19371146677794046,3.688214656048659,2019,0.15,1.0
0.7,4234,605,0.7024793388429752,9.133952164345066,0.20132446598521056,3.522692143230518,2019,0.15,1.0
0.8,4839,605,0.7090909090909091,8.98219099821375,0.19060842137098297,3.362642189431367,2019,0.15,1.0
0.4,2306,577,0.733102253032929,10.479656476603722,0.18237065619544274,4.971548423164929,2020,0.15,1.0
0.5,2883,577,0.7175043327556326,9.534170700697807,0.19630140821564934,4.2940442561307846,2020,0.15,1.0
0.6,3460,576,0.6944444444444444,8.576233611327561,0.19902808061712493,3.912717791712928,2020,0.15,1.0
0.7,4036,577,0.733102253032929,8.792589961905414,0.1854515683096737,3.525033837748932,2020,0.15,1.0
0.8,4613,577,0.7123050259965338,8.351284427228434,0.18612823132130268,3.508523132451495,2020,0.15,1.0
0.4,2290,573,0.7277486910994765,9.844615987948265,0.17518176375296313,6.348221207759374,2009,0.15,1.5
0.5,2863,572,0.6835664335664335,9.65374547702582,0.19710925606044818,5.319745453568749,2009,0.15,1.5
0.6,3435,573,0.6823734729493892,9.013820216211162,0.2054657728267305,4.582105908444107,2009,0.15,1.5
0.7,4008,572,0.7185314685314685,8.762341740015342,0.19475597465796785,3.981206919273062,2009,0.15,1.5
0.8,4580,573,0.7225130890052356,8.814446501794695,0.1912072449821125,3.8756980064230895,2009,0.15,1.5
0.4,2304,576,0.7361111111111112,9.33421778325485,0.1833675469573084,6.966753511843536,2010,0.15,1.5
0.5,2880,576,0.703125,8.834201381886036,0.1902204356112102,5.642500175806083,2010,0.15,1.5
0.6,3456,576,0.7135416666666666,8.601955116539356,0.18916432604875708,4.815146290764188,2010,0.15,1.5
0.7,4032,576,0.7100694444444444,8.920104256071944,0.18954214953065357,4.312783008071986,2010,0.15,1.5
0.8,4608,576,0.7309027777777778,8.276967122362915,0.1835152286528713,3.888927319916742,2010,0.15,1.5
0.4,2308,577,0.7400346620450606,9.214980187579048,0.16678083517340855,5.994708128193935,2011,0.15,1.5
0.5,2885,577,0.6932409012131716,9.21963241655681,0.19951336870897393,5.267764502612705,2011,0.15,1.5
0.6,3462,576,0.6944444444444444,8.369069669495254,0.19733797707251638,4.889877921594988,2011,0.15,1.5
0.7,4038,578,0.7058823529411765,8.882364974141165,0.18833164961976004,4.490442578943129,2011,0.15,1.5
0.8,4616,577,0.7001733102253033,8.429125136919255,0.1941973198353819,3.8435811180811554,2011,0.15,1.5
0.4,2265,566,0.7243816254416962,9.647452399834867,0.18227393818094575,5.858766468952623,2012,0.15,1.5
0.5,2831,566,0.6890459363957597,9.080480072118233,0.1973817643992586,5.135316583971349,2012,0.15,1.5
0.6,3397,567,0.7354497354497355,8.403012899994007,0.1809375101901427,4.336793396065372,2012,0.15,1.5
0.7,3964,566,0.7067137809187279,8.636793400536478,0.18817467771051222,3.989919951052308,2012,0.15,1.5
0.8,4530,566,0.7102473498233216,8.220271264100804,0.1864954445543416,3.7368765101276975,2012,0.15,1.5
0.4,2306,576,0.7118055555555556,9.805609714226525,0.19228447993909115,5.647302338380903,2013,0.15,1.5
0.5,2882,577,0.7019064124783362,9.283952396158492,0.19581264134818527,4.404232140906836,2013,0.15,1.5
0.6,3459,576,0.7152777777777778,8.695945219920823,0.18603520590089298,4.109441730177068,2013,0.15,1.5
0.7,4035,577,0.6967071057192374,8.854289467495537,0.19163193324788796,3.9853362224035247,2013,0.15,1.5
0.8,4612,576,0.6996527777777778,8.930350872899785,0.19140113836654463,3.947887063281813,2013,0.15,1.5
0.4,2379,595,0.6873949579831933,9.717189869701736,0.19023710914628172,5.510303182247621,2014,0.15,1.5
0.5,2974,594,0.6784511784511784,9.09472527527197,0.20180796823692382,4.4366351237170445,2014,0.15,1.5
0.6,3568,595,0.7092436974789916,8.514920177389527,0.18932037180973485,3.921519103978545,2014,0.15,1.5
0.7,4163,595,0.7058823529411765,8.491897937318596,0.1871276614130159,3.741617479020585,2014,0.15,1.5
0.8,4758,595,0.7176470588235294,8.874354066677231,0.1886661619965545,3.289075513117832,2014,0.15,1.5
0.4,2372,594,0.7138047138047138,8.978442999051186,0.1894178159100926,5.2358677588805,2015,0.15,1.5
0.5,2966,593,0.715008431703204,8.566449900816101,0.19106548528451014,4.4056060477725305,2015,0.15,1.5
0.6,3559,593,0.7032040472175379,8.662528262329488,0.1931698942526442,3.6775061897935077,2015,0.15,1.5
0.7,4152,593,0.6644182124789207,8.98518943266074,0.21300037395160304,3.7368994433601164,2015,0.15,1.5
0.8,4745,593,0.7065767284991569,8.575367244118148,0.18500169885171897,3.3922118989779033,2015,0.15,1.5
0.4,2380,595,0.6907563025210084,9.546260753579386,0.1862333953659067,5.7165098868533635,2016,0.15,1.5
0.5,2975,595,0.6554621848739496,9.37906774236369,0.2174560027897707,4.680029859174366,2016,0.15,1.5
0.6,3570,595,0.6957983193277311,8.729775866205365,0.1954608681966221,3.580447591667722,2016,0.15,1.5
0.7,4165,595,0.692436974789916,9.06479575195715,0.20072332253266476,3.546379732268178,2016,0.15,1.5
0.8,4760,595,0.7243697478991596,8.323152194985898,0.18598727670037915,3.6353311129174557,2016,0.15,1.5
0.4,2385,597,0.7001675041876047,9.258381544579125,0.18646476546618443,5.586304834965178,2017,0.15,1.5
0.5,2982,596,0.6728187919463087,8.89275489243323,0.2024523699343725,4.617830963617142,2017,0.15,1.5
0.6,3578,596,0.6728187919463087,9.30854047343309,0.19924471620535947,3.8444184317664427,2017,0.15,1.5
0.7,4174,597,0.7135678391959799,8.882838375218833,0.1922017116026751,3.282411346294367,2017,0.15,1.5
0.8,4771,596,0.6812080536912751,8.797107494992442,0.19934447343484615,3.131217456952047,2017,0.15,1.5
0.4,2387,597,0.7051926298157454,9.765747415548535,0.18911813699759158,5.646453069176472,2018,0.15,1.5
0.5,2984,596,0.6862416107382551,9.388540482667795,0.19617422722473904,5.0481088750737495,2018,0.15,1.5
0.6,3580,597,0.6800670016750419,8.862932982933385,0.20631344421442427,4.384917382363888,2018,0.15,1.5
0.7,4177,597,0.6683417085427136,10.025467506848482,0.2122904664545765,3.835242647604036,2018,0.15,1.5
0.8,4774,597,0.6884422110552764,8.993230354563558,0.19710738714690562,3.6162441517702923,2018,0.15,1.5
0.4,2419,605,0.7057851239669422,9.752895312675943,0.1913132498665899,5.386837884561019,2019,0.15,1.5
0.5,3024,605,0.6991735537190082,8.74098604094921,0.1963032904591085,4.116025587542139,2019,0.15,1.5
0.6,3629,605,0.6942148760330579,9.379793584523938,0.19754095448788342,3.838699362662555,2019,0.15,1.5
0.7,4234,605,0.6909090909090909,9.255321886255011,0.20581811209525644,3.6041278333739597,2019,0.15,1.5
0.8,4839,605,0.6991735537190082,8.96026279875176,0.19250626901292042,3.4065963225146128,2019,0.15,1.5
0.4,2306,577,0.7209705372616985,10.522828217898175,0.18401002060667968,5.318883925171817,2020,0.15,1.5
0.5,2883,577,0.7053726169844021,9.642987711090937,0.1990932404824136,4.52509312106636,2020,0.15,1.5
0.6,3460,576,0.6944444444444444,8.598991877190876,0.20107041870542763,4.048594755073998,2020,0.15,1.5
0.7,4036,577,0.7123050259965338,8.831959535653722,0.18813325923172702,3.6189525475142665,2020,0.15,1.5
0.8,4613,577,0.7105719237435009,8.36346463910284,0.1869744868735632,3.5688315776558652,2020,0.15,1.5
